Source;Nom;Adresse;Tel;Fax;Domaine;Site;Email
https://www.malipages.com/annuaire/banque-et-finance/;2M EXPERTISE SARL;LAFIABOUGOU - RUE 220 PORTE 170 BAMAKO;Tél. : +223 66723161;;Banque et Finance;;
https://www.malipages.com/annuaire/banque-et-finance/;ACTIVA ASSUR MALI;HIPPODROME - AVENUE NELSON MANDELA PORTE 1571 BAMAKO;Tél. : +223 20210405;Fax. : +223 20230392;AssurancesGouvernement et Ambassades;;
https://www.malipages.com/annuaire/banque-et-finance/;AGF MALI;AVENUE DE LA NATION BAMAKO;Tél. : +223 20224165;;AssurancesBanque et Finance;;
https://www.malipages.com/annuaire/banque-et-finance/;AIGLE ASSUR;IMMEUBLE NIMAGALA BAMAKO;Tél. : +223 77 01 64 64;;Assurances;;
https://www.malipages.com/annuaire/banque-et-finance/;ALIOS FINANCE;HAMDALLAYE ACI 2000 - RUE 286 PORTE 176 - BP E 3643 BAMAKO;Tél. : +223 20 22 18 49;Fax. : +223 20 22 18 69;mali@alios-finance.comBanque et Finance;;
https://www.malipages.com/annuaire/banque-et-finance/;AMCEC – AGENCE MALIENNE DE CHANGE, D’EPARGNE ET DE CREDIT;RUE CARON IMMEUBLE KOUMARA PORTE 12 BAMAKO;Tél. : +223 20238036;;Banque et FinanceEtablissements financiers;;
https://www.malipages.com/annuaire/banque-et-finance/;AMIFA MALI;HAMDALLAYE ACI 2000 - AVENUE DU MALI - IMMEUBLE DU PORT AUTONOME DE DAKAR - 4EME ETAGE BAMAKO;Tél. : +223 20224174;;Banque et Financemicrofinance;;
https://www.malipages.com/annuaire/banque-et-finance/;APEP – AGENCE POUR LA PROMOTION DES ENTREPRISES PRIVEES;QUARTIER DU FLEUVE BAMAKO;Tél. : +223 20231072;;Banque et FinanceEtablissements financiers;;
https://www.malipages.com/annuaire/banque-et-finance/;APIM MALI – ASSOCIATION PROFESSIONNELLE DES INSTITUTIONS DE MICROFINANCE DU MALI;ACI 2000 - AVENUE CHEICK ZAYED - IMMEUBLE DJIRE BAMAKO;Tél. : +223 20291253;;AssociationsBanque et Finance;;
https://www.malipages.com/annuaire/banque-et-finance/;ASSUNTA INVESTISSEMENT INTERNATIONAL;QUINZAMBOUGOU BAMAKO;Tél. : +223 20216871;;Banque et FinanceSociétés d'investissements;;
https://www.malipages.com/annuaire/banque-et-finance/;ASSUR6;CENTRE VILLE BAMAKO;Tél. : +223 20222378;Fax. : +223 20222378;AssurancesConseil et Services aux Entreprises;;
https://www.malipages.com/annuaire/banque-et-finance/;ASSURANCE HAMAOULLAH;IMM BAKEBA NIORO;Tél. : +223 66115679;;AssurancesBanque et Finance;;
https://www.malipages.com/annuaire/banque-et-finance/;ASSURANCE LAKANA;" BAMAKO";Tél. : +223 20720972;;AssurancesBanque et Finance;;
https://www.malipages.com/annuaire/banque-et-finance/;ASSURANCES LAFIA SA;AVENUE DE LA NATION BAMAKO;Tél. : +223 20223551;;AssurancesBanque et Finance;;
https://www.malipages.com/annuaire/banque-et-finance/;ASSURLAND MALI SARL;ROUTE DE KOULIKORO - LUNA PARC BAMAKO;Tél. : +223 20219545;;AssurancesBanque et Finance;;
https://www.malipages.com/annuaire/banque-et-finance/;BAD – BANQUE AFRICAINE DE DEVELOPPEMENT;ACI 2000 - RUE 286 - IMMEUBLE SODIES - BP 2950 BAMAKO;Tél. : +223 20 22 28 85;Fax. : +223 20 22 29 13;Banque et Finance;;
https://www.malipages.com/annuaire/banque-et-finance/;BALIMAYA ASSUR;BANANKABOUGOU - RUE 778 PORTE 680 BAMAKO;Tél. : +223 20201665/65899425;;Assurances;;
https://www.malipages.com/annuaire/banque-et-finance/;BALIMAYA ASSUR;BANANKABOUGOU - RUE 778 PORTE 680 BAMAKO;Tél. : +223 20201665;;AssurancesBanque et Finance;;
https://www.malipages.com/annuaire/banque-et-finance/;BANQUE ATLANTIQUE MALI;HAMDALLAYE ACI 2000 - AVENUE CHEICK ZAYED BAMAKO;Tél. : +223 20 70 28 28;;Banque et FinanceInstitutions bancaires;;
https://www.malipages.com/annuaire/banque-et-finance/;BANQUE MONDIALE;HAMDALLAYE ACI 2000 - AVENUE DU MALI - IMMEUBLE WALY DIAWARA - BP 1864 BAMAKO;Tél. : +223 20 70 22 00;Fax. : +223 20 22 66 82;https://www.banquemondiale.org/fr/country/malihttps://www.banquemondiale.org/fr/country/malien cliquant icien cliquant iciBanque et FinanceONGs et OrganismesBanquesOrganisations InternationalesOrganismes financiers;;
https://www.malipages.com/annuaire/banque-et-finance/;ASSUR6;CENTRE VILLE BAMAKO;Tél. : +223 20222378;Fax. : +223 20222378;AssurancesConseil et Services aux Entreprises;;
https://www.malipages.com/annuaire/banque-et-finance/;ASSURANCE HAMAOULLAH;IMM BAKEBA NIORO;Tél. : +223 66115679;;AssurancesBanque et Finance;;
https://www.malipages.com/annuaire/banque-et-finance/;ASSURANCE LAKANA;" BAMAKO";Tél. : +223 20720972;;AssurancesBanque et Finance;;
https://www.malipages.com/annuaire/banque-et-finance/;ASSURANCES LAFIA SA;AVENUE DE LA NATION BAMAKO;Tél. : +223 20223551;;AssurancesBanque et Finance;;
https://www.malipages.com/annuaire/banque-et-finance/;ASSURLAND MALI SARL;ROUTE DE KOULIKORO - LUNA PARC BAMAKO;Tél. : +223 20219545;;AssurancesBanque et Finance;;
https://www.malipages.com/annuaire/banque-et-finance/;BAD – BANQUE AFRICAINE DE DEVELOPPEMENT;ACI 2000 - RUE 286 - IMMEUBLE SODIES - BP 2950 BAMAKO;Tél. : +223 20 22 28 85;Fax. : +223 20 22 29 13;Banque et Finance;;
https://www.malipages.com/annuaire/banque-et-finance/;BALIMAYA ASSUR;BANANKABOUGOU - RUE 778 PORTE 680 BAMAKO;Tél. : +223 20201665/65899425;;Assurances;;
https://www.malipages.com/annuaire/banque-et-finance/;BALIMAYA ASSUR;BANANKABOUGOU - RUE 778 PORTE 680 BAMAKO;Tél. : +223 20201665;;AssurancesBanque et Finance;;
https://www.malipages.com/annuaire/banque-et-finance/;BANQUE ATLANTIQUE MALI;HAMDALLAYE ACI 2000 - AVENUE CHEICK ZAYED BAMAKO;Tél. : +223 20 70 28 28;;Banque et FinanceInstitutions bancaires;;
https://www.malipages.com/annuaire/banque-et-finance/;BANQUE MONDIALE;HAMDALLAYE ACI 2000 - AVENUE DU MALI - IMMEUBLE WALY DIAWARA - BP 1864 BAMAKO;Tél. : +223 20 70 22 00;Fax. : +223 20 22 66 82;https://www.banquemondiale.org/fr/country/malihttps://www.banquemondiale.org/fr/country/malien cliquant icien cliquant iciBanque et FinanceONGs et OrganismesBanquesOrganisations InternationalesOrganismes financiers;;
https://www.malipages.com/annuaire/banque-et-finance/;BAOBAB MALI;" BAMAKO";Tél. : +223 20 29 38 38;;Banque et Finance;;
https://www.malipages.com/annuaire/banque-et-finance/;BCEAO – BANQUE CENTRALE DES ETATS DE L’AFRIQUE DE L’OUEST;QUARTIER DU FLEUVE - AVENUE MOUSSA TRAVELE BAMAKO;Tél. : +223 20222541;Fax. : +223 20224786;Banque et Finance;;
https://www.malipages.com/annuaire/banque-et-finance/;BCS – BANQUE COMMERCIALE DU SAHEL SA;BOZOLA - RUE 127 PORTE 122 BAMAKO;Tél. : +223 20210197;;Banque et FinanceInstitutions bancairesBanquesEtablissements financiers;;
https://www.malipages.com/annuaire/banque-et-finance/;BDM – BANQUE DEVELOPPEMENT DU MALI;AVENUE MODIBO KEITA - BP 94 BAMAKO;Tél. : +223 20222050;Fax. : +223 20224250;info@bdm-sa.comhttps://www.bdm-sa.comBanque et FinanceInstitutions bancairesBanquesEtablissements financiers;;
https://www.malipages.com/annuaire/banque-et-finance/;BGECO – BOUTIQUE DE GESTION, D’ECHANGE ET DE CONSEIL;HAMDALLAYE BAMAKO;Tél. : +223 20298458;Fax. : +223 20292602;Banque et FinanceEtablissements financiers;;
https://www.malipages.com/annuaire/banque-et-finance/;BHM – BANQUE DE L’HABITAT DU MALI;ACI 2000 - AVENUE KWAME - IMMEUBLE SOW - BP 2614 BAMAKO;Tél. : +223 20 22 91 90;Fax. : +223 20 22 93 50;Banque et FinanceInstitutions bancairesBanques;;
https://www.malipages.com/annuaire/banque-et-finance/;BHM – BANQUE DE L’HABITAT DU MALI;IMMEUBLE SNF SIKASSO;Tél. : +223 21 62 13 92;;Banque et Finance;;
https://www.malipages.com/annuaire/banque-et-finance/;BHM – BANQUE DE L’HABITAT DU MALI;" SEGOU";Tél. : +223 21 32 23 10;;Banque et Finance;;
https://www.malipages.com/annuaire/banque-et-finance/;BICIM – BANQUE INTERNATIONALE COMMERCE INDUSTRIE MALI;CENTRE COMMERCIAL - BOULEVARD DU PEUPLE BAMAKO;Tél. : +223 20233370;Fax. : +223 20233373;Banque et FinanceInstitutions bancairesBanquesEtablissements financiers;;
https://www.malipages.com/annuaire/banque-et-finance/;BIM – BANQUE INTERNATIONALE POUR LE MALI;BOLIBANA - AVENUE DE L'INDEPENDENCE BAMAKO;Tél. : +223 20225089;Fax. : +223 20 22 45 66;bim@bim.com.mlhttps://www.bim.com.mlBanque et FinanceInstitutions bancairesBanquesEtablissements financiers;;
https://www.malipages.com/annuaire/banque-et-finance/;BAOBAB MALI;" BAMAKO";Tél. : +223 20 29 38 38;;Banque et Finance;;
https://www.malipages.com/annuaire/banque-et-finance/;BCEAO – BANQUE CENTRALE DES ETATS DE L’AFRIQUE DE L’OUEST;QUARTIER DU FLEUVE - AVENUE MOUSSA TRAVELE BAMAKO;Tél. : +223 20222541;Fax. : +223 20224786;Banque et Finance;;
https://www.malipages.com/annuaire/banque-et-finance/;BCS – BANQUE COMMERCIALE DU SAHEL SA;BOZOLA - RUE 127 PORTE 122 BAMAKO;Tél. : +223 20210197;;Banque et FinanceInstitutions bancairesBanquesEtablissements financiers;;
https://www.malipages.com/annuaire/banque-et-finance/;BDM – BANQUE DEVELOPPEMENT DU MALI;AVENUE MODIBO KEITA - BP 94 BAMAKO;Tél. : +223 20222050;Fax. : +223 20224250;info@bdm-sa.comhttps://www.bdm-sa.comBanque et FinanceInstitutions bancairesBanquesEtablissements financiers;;
https://www.malipages.com/annuaire/banque-et-finance/;BGECO – BOUTIQUE DE GESTION, D’ECHANGE ET DE CONSEIL;HAMDALLAYE BAMAKO;Tél. : +223 20298458;Fax. : +223 20292602;Banque et FinanceEtablissements financiers;;
https://www.malipages.com/annuaire/banque-et-finance/;BHM – BANQUE DE L’HABITAT DU MALI;ACI 2000 - AVENUE KWAME - IMMEUBLE SOW - BP 2614 BAMAKO;Tél. : +223 20 22 91 90;Fax. : +223 20 22 93 50;Banque et FinanceInstitutions bancairesBanques;;
https://www.malipages.com/annuaire/banque-et-finance/;BHM – BANQUE DE L’HABITAT DU MALI;IMMEUBLE SNF SIKASSO;Tél. : +223 21 62 13 92;;Banque et Finance;;
https://www.malipages.com/annuaire/banque-et-finance/;BHM – BANQUE DE L’HABITAT DU MALI;" SEGOU";Tél. : +223 21 32 23 10;;Banque et Finance;;
https://www.malipages.com/annuaire/banque-et-finance/;BICIM – BANQUE INTERNATIONALE COMMERCE INDUSTRIE MALI;CENTRE COMMERCIAL - BOULEVARD DU PEUPLE BAMAKO;Tél. : +223 20233370;Fax. : +223 20233373;Banque et FinanceInstitutions bancairesBanquesEtablissements financiers;;
https://www.malipages.com/annuaire/banque-et-finance/;BIM – BANQUE INTERNATIONALE POUR LE MALI;BOLIBANA - AVENUE DE L'INDEPENDENCE BAMAKO;Tél. : +223 20225089;Fax. : +223 20 22 45 66;bim@bim.com.mlhttps://www.bim.com.mlBanque et FinanceInstitutions bancairesBanquesEtablissements financiers;;
https://www.malipages.com/annuaire/banque-et-finance/;BAOBAB MALI;" BAMAKO";Tél. : +223 20 29 38 38;;Banque et Finance;;
https://www.malipages.com/annuaire/banque-et-finance/;BCEAO – BANQUE CENTRALE DES ETATS DE L’AFRIQUE DE L’OUEST;QUARTIER DU FLEUVE - AVENUE MOUSSA TRAVELE BAMAKO;Tél. : +223 20222541;Fax. : +223 20224786;Banque et Finance;;
https://www.malipages.com/annuaire/banque-et-finance/;BCS – BANQUE COMMERCIALE DU SAHEL SA;BOZOLA - RUE 127 PORTE 122 BAMAKO;Tél. : +223 20210197;;Banque et FinanceInstitutions bancairesBanquesEtablissements financiers;;
https://www.malipages.com/annuaire/banque-et-finance/;BDM – BANQUE DEVELOPPEMENT DU MALI;AVENUE MODIBO KEITA - BP 94 BAMAKO;Tél. : +223 20222050;Fax. : +223 20224250;info@bdm-sa.comhttps://www.bdm-sa.comBanque et FinanceInstitutions bancairesBanquesEtablissements financiers;;
https://www.malipages.com/annuaire/banque-et-finance/;BGECO – BOUTIQUE DE GESTION, D’ECHANGE ET DE CONSEIL;HAMDALLAYE BAMAKO;Tél. : +223 20298458;Fax. : +223 20292602;Banque et FinanceEtablissements financiers;;
https://www.malipages.com/annuaire/banque-et-finance/;BHM – BANQUE DE L’HABITAT DU MALI;ACI 2000 - AVENUE KWAME - IMMEUBLE SOW - BP 2614 BAMAKO;Tél. : +223 20 22 91 90;Fax. : +223 20 22 93 50;Banque et FinanceInstitutions bancairesBanques;;
https://www.malipages.com/annuaire/banque-et-finance/;BHM – BANQUE DE L’HABITAT DU MALI;IMMEUBLE SNF SIKASSO;Tél. : +223 21 62 13 92;;Banque et Finance;;
https://www.malipages.com/annuaire/banque-et-finance/;BHM – BANQUE DE L’HABITAT DU MALI;" SEGOU";Tél. : +223 21 32 23 10;;Banque et Finance;;
https://www.malipages.com/annuaire/banque-et-finance/;BICIM – BANQUE INTERNATIONALE COMMERCE INDUSTRIE MALI;CENTRE COMMERCIAL - BOULEVARD DU PEUPLE BAMAKO;Tél. : +223 20233370;Fax. : +223 20233373;Banque et FinanceInstitutions bancairesBanquesEtablissements financiers;;
https://www.malipages.com/annuaire/banque-et-finance/;BIM – BANQUE INTERNATIONALE POUR LE MALI;BOLIBANA - AVENUE DE L'INDEPENDENCE BAMAKO;Tél. : +223 20225089;Fax. : +223 20 22 45 66;bim@bim.com.mlhttps://www.bim.com.mlBanque et FinanceInstitutions bancairesBanquesEtablissements financiers;;
https://www.malipages.com/annuaire/banque-et-finance/;BMS SA – BANQUE MALIENNE DE SOLIDARITE;IMMEUBLE DETTE PUBLIQUE - 2EME ETAGE BAMAKO;Tél. : +223 20235034;;Banque et FinanceInstitutions bancairesBanquesEtablissements financiers;;
https://www.malipages.com/annuaire/banque-et-finance/;BNDA – BANQUE NATIONALE DE DEVELOPPEMENT AGRICOLE;ACI 2000 - AVENUE DU MALI BAMAKO;Tél. : +223 20296464;Fax. : +223 20292575;Banque et FinanceInstitutions bancairesBanquesBanques agricolesEtablissements financiers;;
https://www.malipages.com/annuaire/banque-et-finance/;BOA – BANK OF AFRICA;BOZOLA - AVENUE DE LA MARNE PORTE 418 BAMAKO;Tél. : +223 20700500;Fax. : +223 20700560;Banque et FinanceInstitutions bancairesBanquesEtablissements financiers;;
https://www.malipages.com/annuaire/banque-et-finance/;BSIC MALI SA – BANQUE SAHELO SAHARIENNE POUR L’INVESTISSEMENT ET LE COMMERCE;QUARTIER DU FLEUVE BAMAKO;Tél. : +223 20221573;;Banque et FinanceInstitutions bancairesBanques;;
https://www.malipages.com/annuaire/banque-et-finance/;CACOEC SUDUDIAWDI;DRAVELA BAMAKO;Tél. : +223 20231453;;Banque et Finance;;
https://www.malipages.com/annuaire/banque-et-finance/;CACOGES SARL;HAMDALLAYE - RUE 420 PORTE 202 - IMMEUBLE YAYA SOUMARE BAMAKO;Tél. : +223 62608686;;Banque et FinanceComptables;;
https://www.malipages.com/annuaire/banque-et-finance/;CAECE JIGISEME – CAISSE ASSOCIATIVE D’EPARGNE ET DE CREDIT DES ENTREPRENEURS ET COMMERCANTS DU MALI;HAMDALLAYE ACI 2000 - RUE 365 PORTE 88 - BP E 4396 BAMAKO;Tél. : +223 20 29 75 88;Fax. : +223 20 29 75 92;Banque et FinanceCaisses d'épargne et de crédit;;
https://www.malipages.com/annuaire/banque-et-finance/;CAISSES MUTUALISTES D’EPARGNE ET DE CREDIT DU MALI – KAFO JIGINEW;ACI 2000 HAMDALLAYE BAMAKO;Tél. : +223 20 29 51 25;;Banque et FinanceEtablissements financiers;;
https://www.malipages.com/annuaire/banque-et-finance/;CAMEC – UNION DES CAISSES MUTUALISTES DE L’EDUCATION ET DE LA CULTURE;BADALABOUGOU - RUE 84 PORTE 226 BAMAKO;Tél. : +223 20222896;;Banque et Finance;;
https://www.malipages.com/annuaire/banque-et-finance/;CDA SARL – CONSORTIUM D’ASSURANCES;ACI 2000 BAMAKO;Tél. : +223 20292213;;AssurancesBanque et Finance;;
https://www.malipages.com/annuaire/banque-et-finance/;BMS SA – BANQUE MALIENNE DE SOLIDARITE;IMMEUBLE DETTE PUBLIQUE - 2EME ETAGE BAMAKO;Tél. : +223 20235034;;Banque et FinanceInstitutions bancairesBanquesEtablissements financiers;;
https://www.malipages.com/annuaire/banque-et-finance/;BNDA – BANQUE NATIONALE DE DEVELOPPEMENT AGRICOLE;ACI 2000 - AVENUE DU MALI BAMAKO;Tél. : +223 20296464;Fax. : +223 20292575;Banque et FinanceInstitutions bancairesBanquesBanques agricolesEtablissements financiers;;
https://www.malipages.com/annuaire/banque-et-finance/;BOA – BANK OF AFRICA;BOZOLA - AVENUE DE LA MARNE PORTE 418 BAMAKO;Tél. : +223 20700500;Fax. : +223 20700560;Banque et FinanceInstitutions bancairesBanquesEtablissements financiers;;
https://www.malipages.com/annuaire/banque-et-finance/;BSIC MALI SA – BANQUE SAHELO SAHARIENNE POUR L’INVESTISSEMENT ET LE COMMERCE;QUARTIER DU FLEUVE BAMAKO;Tél. : +223 20221573;;Banque et FinanceInstitutions bancairesBanques;;
https://www.malipages.com/annuaire/banque-et-finance/;CACOEC SUDUDIAWDI;DRAVELA BAMAKO;Tél. : +223 20231453;;Banque et Finance;;
https://www.malipages.com/annuaire/banque-et-finance/;CACOGES SARL;HAMDALLAYE - RUE 420 PORTE 202 - IMMEUBLE YAYA SOUMARE BAMAKO;Tél. : +223 62608686;;Banque et FinanceComptables;;
https://www.malipages.com/annuaire/banque-et-finance/;CAECE JIGISEME – CAISSE ASSOCIATIVE D’EPARGNE ET DE CREDIT DES ENTREPRENEURS ET COMMERCANTS DU MALI;HAMDALLAYE ACI 2000 - RUE 365 PORTE 88 - BP E 4396 BAMAKO;Tél. : +223 20 29 75 88;Fax. : +223 20 29 75 92;Banque et FinanceCaisses d'épargne et de crédit;;
https://www.malipages.com/annuaire/banque-et-finance/;CAISSES MUTUALISTES D’EPARGNE ET DE CREDIT DU MALI – KAFO JIGINEW;ACI 2000 HAMDALLAYE BAMAKO;Tél. : +223 20 29 51 25;;Banque et FinanceEtablissements financiers;;
https://www.malipages.com/annuaire/banque-et-finance/;CAMEC – UNION DES CAISSES MUTUALISTES DE L’EDUCATION ET DE LA CULTURE;BADALABOUGOU - RUE 84 PORTE 226 BAMAKO;Tél. : +223 20222896;;Banque et Finance;;
https://www.malipages.com/annuaire/banque-et-finance/;CDA SARL – CONSORTIUM D’ASSURANCES;ACI 2000 BAMAKO;Tél. : +223 20292213;;AssurancesBanque et Finance;;
https://www.malipages.com/annuaire/banque-et-finance/;BMS SA – BANQUE MALIENNE DE SOLIDARITE;IMMEUBLE DETTE PUBLIQUE - 2EME ETAGE BAMAKO;Tél. : +223 20235034;;Banque et FinanceInstitutions bancairesBanquesEtablissements financiers;;
https://www.malipages.com/annuaire/banque-et-finance/;BNDA – BANQUE NATIONALE DE DEVELOPPEMENT AGRICOLE;ACI 2000 - AVENUE DU MALI BAMAKO;Tél. : +223 20296464;Fax. : +223 20292575;Banque et FinanceInstitutions bancairesBanquesBanques agricolesEtablissements financiers;;
https://www.malipages.com/annuaire/banque-et-finance/;BOA – BANK OF AFRICA;BOZOLA - AVENUE DE LA MARNE PORTE 418 BAMAKO;Tél. : +223 20700500;Fax. : +223 20700560;Banque et FinanceInstitutions bancairesBanquesEtablissements financiers;;
https://www.malipages.com/annuaire/banque-et-finance/;BSIC MALI SA – BANQUE SAHELO SAHARIENNE POUR L’INVESTISSEMENT ET LE COMMERCE;QUARTIER DU FLEUVE BAMAKO;Tél. : +223 20221573;;Banque et FinanceInstitutions bancairesBanques;;
https://www.malipages.com/annuaire/banque-et-finance/;CACOEC SUDUDIAWDI;DRAVELA BAMAKO;Tél. : +223 20231453;;Banque et Finance;;
https://www.malipages.com/annuaire/banque-et-finance/;CACOGES SARL;HAMDALLAYE - RUE 420 PORTE 202 - IMMEUBLE YAYA SOUMARE BAMAKO;Tél. : +223 62608686;;Banque et FinanceComptables;;
https://www.malipages.com/annuaire/banque-et-finance/;CAECE JIGISEME – CAISSE ASSOCIATIVE D’EPARGNE ET DE CREDIT DES ENTREPRENEURS ET COMMERCANTS DU MALI;HAMDALLAYE ACI 2000 - RUE 365 PORTE 88 - BP E 4396 BAMAKO;Tél. : +223 20 29 75 88;Fax. : +223 20 29 75 92;Banque et FinanceCaisses d'épargne et de crédit;;
https://www.malipages.com/annuaire/banque-et-finance/;CAISSES MUTUALISTES D’EPARGNE ET DE CREDIT DU MALI – KAFO JIGINEW;ACI 2000 HAMDALLAYE BAMAKO;Tél. : +223 20 29 51 25;;Banque et FinanceEtablissements financiers;;
https://www.malipages.com/annuaire/banque-et-finance/;CAMEC – UNION DES CAISSES MUTUALISTES DE L’EDUCATION ET DE LA CULTURE;BADALABOUGOU - RUE 84 PORTE 226 BAMAKO;Tél. : +223 20222896;;Banque et Finance;;
https://www.malipages.com/annuaire/banque-et-finance/;CDA SARL – CONSORTIUM D’ASSURANCES;ACI 2000 BAMAKO;Tél. : +223 20292213;;AssurancesBanque et Finance;;
https://www.malipages.com/annuaire/banque-et-finance/;BMS SA – BANQUE MALIENNE DE SOLIDARITE;IMMEUBLE DETTE PUBLIQUE - 2EME ETAGE BAMAKO;Tél. : +223 20235034;;Banque et FinanceInstitutions bancairesBanquesEtablissements financiers;;
https://www.malipages.com/annuaire/banque-et-finance/;BNDA – BANQUE NATIONALE DE DEVELOPPEMENT AGRICOLE;ACI 2000 - AVENUE DU MALI BAMAKO;Tél. : +223 20296464;Fax. : +223 20292575;Banque et FinanceInstitutions bancairesBanquesBanques agricolesEtablissements financiers;;
https://www.malipages.com/annuaire/banque-et-finance/;BOA – BANK OF AFRICA;BOZOLA - AVENUE DE LA MARNE PORTE 418 BAMAKO;Tél. : +223 20700500;Fax. : +223 20700560;Banque et FinanceInstitutions bancairesBanquesEtablissements financiers;;
https://www.malipages.com/annuaire/banque-et-finance/;BSIC MALI SA – BANQUE SAHELO SAHARIENNE POUR L’INVESTISSEMENT ET LE COMMERCE;QUARTIER DU FLEUVE BAMAKO;Tél. : +223 20221573;;Banque et FinanceInstitutions bancairesBanques;;
https://www.malipages.com/annuaire/banque-et-finance/;CACOEC SUDUDIAWDI;DRAVELA BAMAKO;Tél. : +223 20231453;;Banque et Finance;;
https://www.malipages.com/annuaire/banque-et-finance/;CACOGES SARL;HAMDALLAYE - RUE 420 PORTE 202 - IMMEUBLE YAYA SOUMARE BAMAKO;Tél. : +223 62608686;;Banque et FinanceComptables;;
https://www.malipages.com/annuaire/banque-et-finance/;CAECE JIGISEME – CAISSE ASSOCIATIVE D’EPARGNE ET DE CREDIT DES ENTREPRENEURS ET COMMERCANTS DU MALI;HAMDALLAYE ACI 2000 - RUE 365 PORTE 88 - BP E 4396 BAMAKO;Tél. : +223 20 29 75 88;Fax. : +223 20 29 75 92;Banque et FinanceCaisses d'épargne et de crédit;;
https://www.malipages.com/annuaire/banque-et-finance/;CAISSES MUTUALISTES D’EPARGNE ET DE CREDIT DU MALI – KAFO JIGINEW;ACI 2000 HAMDALLAYE BAMAKO;Tél. : +223 20 29 51 25;;Banque et FinanceEtablissements financiers;;
https://www.malipages.com/annuaire/banque-et-finance/;CAMEC – UNION DES CAISSES MUTUALISTES DE L’EDUCATION ET DE LA CULTURE;BADALABOUGOU - RUE 84 PORTE 226 BAMAKO;Tél. : +223 20222896;;Banque et Finance;;
https://www.malipages.com/annuaire/banque-et-finance/;CDA SARL – CONSORTIUM D’ASSURANCES;ACI 2000 BAMAKO;Tél. : +223 20292213;;AssurancesBanque et Finance;;
https://www.malipages.com/annuaire/banque-et-finance/;CIDR – CELLULE NATIONALE DE DIFFUSION ET D’APPUI DES SFD;QUINZAMBOUGOU - RUE 542 PORTE 79 BIS BAMAKO;Tél. : +223 20215531;Fax. : +223 20215531;Banque et FinanceGouvernementSociete d'etat;;
https://www.malipages.com/annuaire/banque-et-finance/;CIF ASSURANCES VIE MALI;HAMDALLAYE ACI 2000 - RUE 331 - BP E 1251 BAMAKO;Tél. : +223 20 22 04 13;;Assurances;;
https://www.malipages.com/annuaire/banque-et-finance/;CIFA – CABINET D’INGENIERIE FINANCIERE ET D’ASSISTANCE;ACI 2000 BAMAKO;Tél. : +223 20797700;;Banque et Finance;;
https://www.malipages.com/annuaire/banque-et-finance/;CINETPAY MALI;HAMDALLAYE ACI 2000 - RUE 215 PORTE 600 BAMAKO;Tél. : +223 22 01 86 20;;Banque et Finance;;
https://www.malipages.com/annuaire/banque-et-finance/;CIRAS MALI;HAMDALLAYE ACI 2000 - IMMEUBLE SDC - BP E 2496 BAMAKO;Tél. : +223 20 21 69 33;;Assurances;;
https://www.malipages.com/annuaire/banque-et-finance/;CMEC JIGISIGI – CAISSE MUTUELLE Dâ€™EPARGNE ET DE CREDIT;" BAMAKO";Tél. : +223 20215044;;Banque et FinanceCaisses d'épargne et de crédit;;
https://www.malipages.com/annuaire/banque-et-finance/;CNAR ASSURANCES;SQUARE PATRICE LUMUMBA - BP 568 BAMAKO;Tél. : +223 20213117;;Assurances;;
https://www.malipages.com/annuaire/banque-et-finance/;CNAR LES ASSURANCES BLEUES;HAMDALLAYE - IMMEUBLE SIPROVET BAMAKO;Tél. : +223 20225369;;AssurancesBanque et Finance;;
https://www.malipages.com/annuaire/banque-et-finance/;COFINA – COMPAGNIE FINANCIERE AFRICAINE;HAMDALLAYE ACI 2000 BAMAKO;Tél. : +223 44904343;;contact-mali@cofinacorp.comBanque et Finance;;
https://www.malipages.com/annuaire/banque-et-finance/;CORIS BANK MALI;QUARTIER DU FLEUVE - BOULEVARD DU 22 OCTOBRE - BP 75 BAMAKO;Tél. : +223 20 70 59 00;;corisbank-ml@coris-bank.comhttp://www.corisbank.mlBanque et FinanceInstitutions bancaires;;
https://www.malipages.com/annuaire/banque-et-finance/;CIDR – CELLULE NATIONALE DE DIFFUSION ET D’APPUI DES SFD;QUINZAMBOUGOU - RUE 542 PORTE 79 BIS BAMAKO;Tél. : +223 20215531;Fax. : +223 20215531;Banque et FinanceGouvernementSociete d'etat;;
https://www.malipages.com/annuaire/banque-et-finance/;CIF ASSURANCES VIE MALI;HAMDALLAYE ACI 2000 - RUE 331 - BP E 1251 BAMAKO;Tél. : +223 20 22 04 13;;Assurances;;
https://www.malipages.com/annuaire/banque-et-finance/;CIFA – CABINET D’INGENIERIE FINANCIERE ET D’ASSISTANCE;ACI 2000 BAMAKO;Tél. : +223 20797700;;Banque et Finance;;
https://www.malipages.com/annuaire/banque-et-finance/;CINETPAY MALI;HAMDALLAYE ACI 2000 - RUE 215 PORTE 600 BAMAKO;Tél. : +223 22 01 86 20;;Banque et Finance;;
https://www.malipages.com/annuaire/banque-et-finance/;CIRAS MALI;HAMDALLAYE ACI 2000 - IMMEUBLE SDC - BP E 2496 BAMAKO;Tél. : +223 20 21 69 33;;Assurances;;
https://www.malipages.com/annuaire/banque-et-finance/;CMEC JIGISIGI – CAISSE MUTUELLE Dâ€™EPARGNE ET DE CREDIT;" BAMAKO";Tél. : +223 20215044;;Banque et FinanceCaisses d'épargne et de crédit;;
https://www.malipages.com/annuaire/banque-et-finance/;CNAR ASSURANCES;SQUARE PATRICE LUMUMBA - BP 568 BAMAKO;Tél. : +223 20213117;;Assurances;;
https://www.malipages.com/annuaire/banque-et-finance/;CNAR LES ASSURANCES BLEUES;HAMDALLAYE - IMMEUBLE SIPROVET BAMAKO;Tél. : +223 20225369;;AssurancesBanque et Finance;;
https://www.malipages.com/annuaire/banque-et-finance/;COFINA – COMPAGNIE FINANCIERE AFRICAINE;HAMDALLAYE ACI 2000 BAMAKO;Tél. : +223 44904343;;contact-mali@cofinacorp.comBanque et Finance;;
https://www.malipages.com/annuaire/banque-et-finance/;CORIS BANK MALI;QUARTIER DU FLEUVE - BOULEVARD DU 22 OCTOBRE - BP 75 BAMAKO;Tél. : +223 20 70 59 00;;corisbank-ml@coris-bank.comhttp://www.corisbank.mlBanque et FinanceInstitutions bancaires;;
https://www.malipages.com/annuaire/banque-et-finance/;CIDR – CELLULE NATIONALE DE DIFFUSION ET D’APPUI DES SFD;QUINZAMBOUGOU - RUE 542 PORTE 79 BIS BAMAKO;Tél. : +223 20215531;Fax. : +223 20215531;Banque et FinanceGouvernementSociete d'etat;;
https://www.malipages.com/annuaire/banque-et-finance/;CIF ASSURANCES VIE MALI;HAMDALLAYE ACI 2000 - RUE 331 - BP E 1251 BAMAKO;Tél. : +223 20 22 04 13;;Assurances;;
https://www.malipages.com/annuaire/banque-et-finance/;CIFA – CABINET D’INGENIERIE FINANCIERE ET D’ASSISTANCE;ACI 2000 BAMAKO;Tél. : +223 20797700;;Banque et Finance;;
https://www.malipages.com/annuaire/banque-et-finance/;CINETPAY MALI;HAMDALLAYE ACI 2000 - RUE 215 PORTE 600 BAMAKO;Tél. : +223 22 01 86 20;;Banque et Finance;;
https://www.malipages.com/annuaire/banque-et-finance/;CIRAS MALI;HAMDALLAYE ACI 2000 - IMMEUBLE SDC - BP E 2496 BAMAKO;Tél. : +223 20 21 69 33;;Assurances;;
https://www.malipages.com/annuaire/banque-et-finance/;CMEC JIGISIGI – CAISSE MUTUELLE Dâ€™EPARGNE ET DE CREDIT;" BAMAKO";Tél. : +223 20215044;;Banque et FinanceCaisses d'épargne et de crédit;;
https://www.malipages.com/annuaire/banque-et-finance/;CNAR ASSURANCES;SQUARE PATRICE LUMUMBA - BP 568 BAMAKO;Tél. : +223 20213117;;Assurances;;
https://www.malipages.com/annuaire/banque-et-finance/;CNAR LES ASSURANCES BLEUES;HAMDALLAYE - IMMEUBLE SIPROVET BAMAKO;Tél. : +223 20225369;;AssurancesBanque et Finance;;
https://www.malipages.com/annuaire/banque-et-finance/;COFINA – COMPAGNIE FINANCIERE AFRICAINE;HAMDALLAYE ACI 2000 BAMAKO;Tél. : +223 44904343;;contact-mali@cofinacorp.comBanque et Finance;;
https://www.malipages.com/annuaire/banque-et-finance/;CORIS BANK MALI;QUARTIER DU FLEUVE - BOULEVARD DU 22 OCTOBRE - BP 75 BAMAKO;Tél. : +223 20 70 59 00;;corisbank-ml@coris-bank.comhttp://www.corisbank.mlBanque et FinanceInstitutions bancaires;;
https://www.malipages.com/annuaire/banque-et-finance/;CIDR – CELLULE NATIONALE DE DIFFUSION ET D’APPUI DES SFD;QUINZAMBOUGOU - RUE 542 PORTE 79 BIS BAMAKO;Tél. : +223 20215531;Fax. : +223 20215531;Banque et FinanceGouvernementSociete d'etat;;
https://www.malipages.com/annuaire/banque-et-finance/;CIF ASSURANCES VIE MALI;HAMDALLAYE ACI 2000 - RUE 331 - BP E 1251 BAMAKO;Tél. : +223 20 22 04 13;;Assurances;;
https://www.malipages.com/annuaire/banque-et-finance/;CIFA – CABINET D’INGENIERIE FINANCIERE ET D’ASSISTANCE;ACI 2000 BAMAKO;Tél. : +223 20797700;;Banque et Finance;;
https://www.malipages.com/annuaire/banque-et-finance/;CINETPAY MALI;HAMDALLAYE ACI 2000 - RUE 215 PORTE 600 BAMAKO;Tél. : +223 22 01 86 20;;Banque et Finance;;
https://www.malipages.com/annuaire/banque-et-finance/;CIRAS MALI;HAMDALLAYE ACI 2000 - IMMEUBLE SDC - BP E 2496 BAMAKO;Tél. : +223 20 21 69 33;;Assurances;;
https://www.malipages.com/annuaire/banque-et-finance/;CMEC JIGISIGI – CAISSE MUTUELLE Dâ€™EPARGNE ET DE CREDIT;" BAMAKO";Tél. : +223 20215044;;Banque et FinanceCaisses d'épargne et de crédit;;
https://www.malipages.com/annuaire/banque-et-finance/;CNAR ASSURANCES;SQUARE PATRICE LUMUMBA - BP 568 BAMAKO;Tél. : +223 20213117;;Assurances;;
https://www.malipages.com/annuaire/banque-et-finance/;CNAR LES ASSURANCES BLEUES;HAMDALLAYE - IMMEUBLE SIPROVET BAMAKO;Tél. : +223 20225369;;AssurancesBanque et Finance;;
https://www.malipages.com/annuaire/banque-et-finance/;COFINA – COMPAGNIE FINANCIERE AFRICAINE;HAMDALLAYE ACI 2000 BAMAKO;Tél. : +223 44904343;;contact-mali@cofinacorp.comBanque et Finance;;
https://www.malipages.com/annuaire/banque-et-finance/;CORIS BANK MALI;QUARTIER DU FLEUVE - BOULEVARD DU 22 OCTOBRE - BP 75 BAMAKO;Tél. : +223 20 70 59 00;;corisbank-ml@coris-bank.comhttp://www.corisbank.mlBanque et FinanceInstitutions bancaires;;
https://www.malipages.com/annuaire/banque-et-finance/;CIDR – CELLULE NATIONALE DE DIFFUSION ET D’APPUI DES SFD;QUINZAMBOUGOU - RUE 542 PORTE 79 BIS BAMAKO;Tél. : +223 20215531;Fax. : +223 20215531;Banque et FinanceGouvernementSociete d'etat;;
https://www.malipages.com/annuaire/banque-et-finance/;CIF ASSURANCES VIE MALI;HAMDALLAYE ACI 2000 - RUE 331 - BP E 1251 BAMAKO;Tél. : +223 20 22 04 13;;Assurances;;
https://www.malipages.com/annuaire/banque-et-finance/;CIFA – CABINET D’INGENIERIE FINANCIERE ET D’ASSISTANCE;ACI 2000 BAMAKO;Tél. : +223 20797700;;Banque et Finance;;
https://www.malipages.com/annuaire/banque-et-finance/;CINETPAY MALI;HAMDALLAYE ACI 2000 - RUE 215 PORTE 600 BAMAKO;Tél. : +223 22 01 86 20;;Banque et Finance;;
https://www.malipages.com/annuaire/banque-et-finance/;CIRAS MALI;HAMDALLAYE ACI 2000 - IMMEUBLE SDC - BP E 2496 BAMAKO;Tél. : +223 20 21 69 33;;Assurances;;
https://www.malipages.com/annuaire/banque-et-finance/;CMEC JIGISIGI – CAISSE MUTUELLE Dâ€™EPARGNE ET DE CREDIT;" BAMAKO";Tél. : +223 20215044;;Banque et FinanceCaisses d'épargne et de crédit;;
https://www.malipages.com/annuaire/banque-et-finance/;CNAR ASSURANCES;SQUARE PATRICE LUMUMBA - BP 568 BAMAKO;Tél. : +223 20213117;;Assurances;;
https://www.malipages.com/annuaire/banque-et-finance/;CNAR LES ASSURANCES BLEUES;HAMDALLAYE - IMMEUBLE SIPROVET BAMAKO;Tél. : +223 20225369;;AssurancesBanque et Finance;;
https://www.malipages.com/annuaire/banque-et-finance/;COFINA – COMPAGNIE FINANCIERE AFRICAINE;HAMDALLAYE ACI 2000 BAMAKO;Tél. : +223 44904343;;contact-mali@cofinacorp.comBanque et Finance;;
https://www.malipages.com/annuaire/banque-et-finance/;CORIS BANK MALI;QUARTIER DU FLEUVE - BOULEVARD DU 22 OCTOBRE - BP 75 BAMAKO;Tél. : +223 20 70 59 00;;corisbank-ml@coris-bank.comhttp://www.corisbank.mlBanque et FinanceInstitutions bancaires;;
https://www.malipages.com/annuaire/banque-et-finance/;CREDIT INITIATIVE;" KAYES";Tél. : +223 21521116;;Banque et FinanceEtablissements financiers;;
https://www.malipages.com/annuaire/banque-et-finance/;CREDIT INITIATIVE SA;KALABANKOURA - RUE 698 PORTE 175 BAMAKO;Tél. : +223 20236200;;Banque et FinanceEtablissements financiers;;
https://www.malipages.com/annuaire/banque-et-finance/;CVECA – CAISSES VILLAGEOISES D’EPARGNE ET DES CREDITS AUTOGEREES KITA BAFOULABE;DARSALAM KITA;Tél. : +223 66522249;;Banque et FinanceCaisses d'épargne et de créditEtablissements financiers;;
https://www.malipages.com/annuaire/banque-et-finance/;DELTA CHANGE;IMMEUBLE GADIABA KADIAL - PLACE DE OMVS BAMAKO;Tél. : +223 20239897;Fax. : +223 20231272;Banque et FinanceBureau de change;;
https://www.malipages.com/annuaire/banque-et-finance/;EQUIBAIL MALI;NIARELA - RUE 376 PORTE 1319 BAMAKO;Tél. : +223 20213777;;Banque et FinanceEtablissements financiersOrganismes financiers;;
https://www.malipages.com/annuaire/banque-et-finance/;ETABLISSEMENTS ASKIA;OUOLOFOBOUGOU BAMAKO;Tél. : +223 20225763;Fax. : +223 20229831;Banque et FinanceInformatique et BureautiqueTransitBureau de changeTransports;;
https://www.malipages.com/annuaire/banque-et-finance/;FGHM – FONDS DE GARANTIE HYPOTHECAIRE DU MALI SA;HAMDALLAYE - AVENUE CHEICK ZAYED - IMMEUBLE ABK 2 BAMAKO;Tél. : +223 20292380;;Banque et Finance;;
https://www.malipages.com/annuaire/banque-et-finance/;FMI – FOND MONETAIRE INTERNATIONAL;QUARTIER DU FLEUVE - MINISTERE DES FINANCES BAMAKO;Tél. : +223 20226465;Fax. : +223 20231191;Banque et FinanceOrganisations InternationalesOrganismes financiers;;
https://www.malipages.com/annuaire/banque-et-finance/;GASPAR CONSULT;IMMEUBLE GAOUSSOU KONATE - RUE RAYMOND POINTCARRE PORTE 99 BAMAKO;Tél. : +223 20228886;;AssurancesBanque et Finance;;
https://www.malipages.com/annuaire/banque-et-finance/;GLOBAL ASSUR;ROUTE DE KOULIKORO DERRIERE LA STATION SODIES BAMAKO;Tél. : +223  69 05 50 89;Fax. : +223 20 22 22 80;globalassurmali@gmail.comAssurances;;
https://www.malipages.com/annuaire/banque-et-finance/;CREDIT INITIATIVE;" KAYES";Tél. : +223 21521116;;Banque et FinanceEtablissements financiers;;
https://www.malipages.com/annuaire/banque-et-finance/;CREDIT INITIATIVE SA;KALABANKOURA - RUE 698 PORTE 175 BAMAKO;Tél. : +223 20236200;;Banque et FinanceEtablissements financiers;;
https://www.malipages.com/annuaire/banque-et-finance/;CVECA – CAISSES VILLAGEOISES D’EPARGNE ET DES CREDITS AUTOGEREES KITA BAFOULABE;DARSALAM KITA;Tél. : +223 66522249;;Banque et FinanceCaisses d'épargne et de créditEtablissements financiers;;
https://www.malipages.com/annuaire/banque-et-finance/;DELTA CHANGE;IMMEUBLE GADIABA KADIAL - PLACE DE OMVS BAMAKO;Tél. : +223 20239897;Fax. : +223 20231272;Banque et FinanceBureau de change;;
https://www.malipages.com/annuaire/banque-et-finance/;EQUIBAIL MALI;NIARELA - RUE 376 PORTE 1319 BAMAKO;Tél. : +223 20213777;;Banque et FinanceEtablissements financiersOrganismes financiers;;
https://www.malipages.com/annuaire/banque-et-finance/;ETABLISSEMENTS ASKIA;OUOLOFOBOUGOU BAMAKO;Tél. : +223 20225763;Fax. : +223 20229831;Banque et FinanceInformatique et BureautiqueTransitBureau de changeTransports;;
https://www.malipages.com/annuaire/banque-et-finance/;FGHM – FONDS DE GARANTIE HYPOTHECAIRE DU MALI SA;HAMDALLAYE - AVENUE CHEICK ZAYED - IMMEUBLE ABK 2 BAMAKO;Tél. : +223 20292380;;Banque et Finance;;
https://www.malipages.com/annuaire/banque-et-finance/;FMI – FOND MONETAIRE INTERNATIONAL;QUARTIER DU FLEUVE - MINISTERE DES FINANCES BAMAKO;Tél. : +223 20226465;Fax. : +223 20231191;Banque et FinanceOrganisations InternationalesOrganismes financiers;;
https://www.malipages.com/annuaire/banque-et-finance/;GASPAR CONSULT;IMMEUBLE GAOUSSOU KONATE - RUE RAYMOND POINTCARRE PORTE 99 BAMAKO;Tél. : +223 20228886;;AssurancesBanque et Finance;;
https://www.malipages.com/annuaire/banque-et-finance/;GLOBAL ASSUR;ROUTE DE KOULIKORO DERRIERE LA STATION SODIES BAMAKO;Tél. : +223  69 05 50 89;Fax. : +223 20 22 22 80;globalassurmali@gmail.comAssurances;;
https://www.malipages.com/annuaire/banque-et-finance/;CREDIT INITIATIVE;" KAYES";Tél. : +223 21521116;;Banque et FinanceEtablissements financiers;;
https://www.malipages.com/annuaire/banque-et-finance/;CREDIT INITIATIVE SA;KALABANKOURA - RUE 698 PORTE 175 BAMAKO;Tél. : +223 20236200;;Banque et FinanceEtablissements financiers;;
https://www.malipages.com/annuaire/banque-et-finance/;CVECA – CAISSES VILLAGEOISES D’EPARGNE ET DES CREDITS AUTOGEREES KITA BAFOULABE;DARSALAM KITA;Tél. : +223 66522249;;Banque et FinanceCaisses d'épargne et de créditEtablissements financiers;;
https://www.malipages.com/annuaire/banque-et-finance/;DELTA CHANGE;IMMEUBLE GADIABA KADIAL - PLACE DE OMVS BAMAKO;Tél. : +223 20239897;Fax. : +223 20231272;Banque et FinanceBureau de change;;
https://www.malipages.com/annuaire/banque-et-finance/;EQUIBAIL MALI;NIARELA - RUE 376 PORTE 1319 BAMAKO;Tél. : +223 20213777;;Banque et FinanceEtablissements financiersOrganismes financiers;;
https://www.malipages.com/annuaire/banque-et-finance/;ETABLISSEMENTS ASKIA;OUOLOFOBOUGOU BAMAKO;Tél. : +223 20225763;Fax. : +223 20229831;Banque et FinanceInformatique et BureautiqueTransitBureau de changeTransports;;
https://www.malipages.com/annuaire/banque-et-finance/;FGHM – FONDS DE GARANTIE HYPOTHECAIRE DU MALI SA;HAMDALLAYE - AVENUE CHEICK ZAYED - IMMEUBLE ABK 2 BAMAKO;Tél. : +223 20292380;;Banque et Finance;;
https://www.malipages.com/annuaire/banque-et-finance/;FMI – FOND MONETAIRE INTERNATIONAL;QUARTIER DU FLEUVE - MINISTERE DES FINANCES BAMAKO;Tél. : +223 20226465;Fax. : +223 20231191;Banque et FinanceOrganisations InternationalesOrganismes financiers;;
https://www.malipages.com/annuaire/banque-et-finance/;GASPAR CONSULT;IMMEUBLE GAOUSSOU KONATE - RUE RAYMOND POINTCARRE PORTE 99 BAMAKO;Tél. : +223 20228886;;AssurancesBanque et Finance;;
https://www.malipages.com/annuaire/banque-et-finance/;GLOBAL ASSUR;ROUTE DE KOULIKORO DERRIERE LA STATION SODIES BAMAKO;Tél. : +223  69 05 50 89;Fax. : +223 20 22 22 80;globalassurmali@gmail.comAssurances;;
https://www.malipages.com/annuaire/banque-et-finance/;CREDIT INITIATIVE;" KAYES";Tél. : +223 21521116;;Banque et FinanceEtablissements financiers;;
https://www.malipages.com/annuaire/banque-et-finance/;CREDIT INITIATIVE SA;KALABANKOURA - RUE 698 PORTE 175 BAMAKO;Tél. : +223 20236200;;Banque et FinanceEtablissements financiers;;
https://www.malipages.com/annuaire/banque-et-finance/;CVECA – CAISSES VILLAGEOISES D’EPARGNE ET DES CREDITS AUTOGEREES KITA BAFOULABE;DARSALAM KITA;Tél. : +223 66522249;;Banque et FinanceCaisses d'épargne et de créditEtablissements financiers;;
https://www.malipages.com/annuaire/banque-et-finance/;DELTA CHANGE;IMMEUBLE GADIABA KADIAL - PLACE DE OMVS BAMAKO;Tél. : +223 20239897;Fax. : +223 20231272;Banque et FinanceBureau de change;;
https://www.malipages.com/annuaire/banque-et-finance/;EQUIBAIL MALI;NIARELA - RUE 376 PORTE 1319 BAMAKO;Tél. : +223 20213777;;Banque et FinanceEtablissements financiersOrganismes financiers;;
https://www.malipages.com/annuaire/banque-et-finance/;ETABLISSEMENTS ASKIA;OUOLOFOBOUGOU BAMAKO;Tél. : +223 20225763;Fax. : +223 20229831;Banque et FinanceInformatique et BureautiqueTransitBureau de changeTransports;;
https://www.malipages.com/annuaire/banque-et-finance/;FGHM – FONDS DE GARANTIE HYPOTHECAIRE DU MALI SA;HAMDALLAYE - AVENUE CHEICK ZAYED - IMMEUBLE ABK 2 BAMAKO;Tél. : +223 20292380;;Banque et Finance;;
https://www.malipages.com/annuaire/banque-et-finance/;FMI – FOND MONETAIRE INTERNATIONAL;QUARTIER DU FLEUVE - MINISTERE DES FINANCES BAMAKO;Tél. : +223 20226465;Fax. : +223 20231191;Banque et FinanceOrganisations InternationalesOrganismes financiers;;
https://www.malipages.com/annuaire/banque-et-finance/;GASPAR CONSULT;IMMEUBLE GAOUSSOU KONATE - RUE RAYMOND POINTCARRE PORTE 99 BAMAKO;Tél. : +223 20228886;;AssurancesBanque et Finance;;
https://www.malipages.com/annuaire/banque-et-finance/;GLOBAL ASSUR;ROUTE DE KOULIKORO DERRIERE LA STATION SODIES BAMAKO;Tél. : +223  69 05 50 89;Fax. : +223 20 22 22 80;globalassurmali@gmail.comAssurances;;
https://www.malipages.com/annuaire/banque-et-finance/;CREDIT INITIATIVE;" KAYES";Tél. : +223 21521116;;Banque et FinanceEtablissements financiers;;
https://www.malipages.com/annuaire/banque-et-finance/;CREDIT INITIATIVE SA;KALABANKOURA - RUE 698 PORTE 175 BAMAKO;Tél. : +223 20236200;;Banque et FinanceEtablissements financiers;;
https://www.malipages.com/annuaire/banque-et-finance/;CVECA – CAISSES VILLAGEOISES D’EPARGNE ET DES CREDITS AUTOGEREES KITA BAFOULABE;DARSALAM KITA;Tél. : +223 66522249;;Banque et FinanceCaisses d'épargne et de créditEtablissements financiers;;
https://www.malipages.com/annuaire/banque-et-finance/;DELTA CHANGE;IMMEUBLE GADIABA KADIAL - PLACE DE OMVS BAMAKO;Tél. : +223 20239897;Fax. : +223 20231272;Banque et FinanceBureau de change;;
https://www.malipages.com/annuaire/banque-et-finance/;EQUIBAIL MALI;NIARELA - RUE 376 PORTE 1319 BAMAKO;Tél. : +223 20213777;;Banque et FinanceEtablissements financiersOrganismes financiers;;
https://www.malipages.com/annuaire/banque-et-finance/;ETABLISSEMENTS ASKIA;OUOLOFOBOUGOU BAMAKO;Tél. : +223 20225763;Fax. : +223 20229831;Banque et FinanceInformatique et BureautiqueTransitBureau de changeTransports;;
https://www.malipages.com/annuaire/banque-et-finance/;FGHM – FONDS DE GARANTIE HYPOTHECAIRE DU MALI SA;HAMDALLAYE - AVENUE CHEICK ZAYED - IMMEUBLE ABK 2 BAMAKO;Tél. : +223 20292380;;Banque et Finance;;
https://www.malipages.com/annuaire/banque-et-finance/;FMI – FOND MONETAIRE INTERNATIONAL;QUARTIER DU FLEUVE - MINISTERE DES FINANCES BAMAKO;Tél. : +223 20226465;Fax. : +223 20231191;Banque et FinanceOrganisations InternationalesOrganismes financiers;;
https://www.malipages.com/annuaire/banque-et-finance/;GASPAR CONSULT;IMMEUBLE GAOUSSOU KONATE - RUE RAYMOND POINTCARRE PORTE 99 BAMAKO;Tél. : +223 20228886;;AssurancesBanque et Finance;;
https://www.malipages.com/annuaire/banque-et-finance/;GLOBAL ASSUR;ROUTE DE KOULIKORO DERRIERE LA STATION SODIES BAMAKO;Tél. : +223  69 05 50 89;Fax. : +223 20 22 22 80;globalassurmali@gmail.comAssurances;;
https://www.malipages.com/annuaire/banque-et-finance/;CREDIT INITIATIVE;" KAYES";Tél. : +223 21521116;;Banque et FinanceEtablissements financiers;;
https://www.malipages.com/annuaire/banque-et-finance/;CREDIT INITIATIVE SA;KALABANKOURA - RUE 698 PORTE 175 BAMAKO;Tél. : +223 20236200;;Banque et FinanceEtablissements financiers;;
https://www.malipages.com/annuaire/banque-et-finance/;CVECA – CAISSES VILLAGEOISES D’EPARGNE ET DES CREDITS AUTOGEREES KITA BAFOULABE;DARSALAM KITA;Tél. : +223 66522249;;Banque et FinanceCaisses d'épargne et de créditEtablissements financiers;;
https://www.malipages.com/annuaire/banque-et-finance/;DELTA CHANGE;IMMEUBLE GADIABA KADIAL - PLACE DE OMVS BAMAKO;Tél. : +223 20239897;Fax. : +223 20231272;Banque et FinanceBureau de change;;
https://www.malipages.com/annuaire/banque-et-finance/;EQUIBAIL MALI;NIARELA - RUE 376 PORTE 1319 BAMAKO;Tél. : +223 20213777;;Banque et FinanceEtablissements financiersOrganismes financiers;;
https://www.malipages.com/annuaire/banque-et-finance/;ETABLISSEMENTS ASKIA;OUOLOFOBOUGOU BAMAKO;Tél. : +223 20225763;Fax. : +223 20229831;Banque et FinanceInformatique et BureautiqueTransitBureau de changeTransports;;
https://www.malipages.com/annuaire/banque-et-finance/;FGHM – FONDS DE GARANTIE HYPOTHECAIRE DU MALI SA;HAMDALLAYE - AVENUE CHEICK ZAYED - IMMEUBLE ABK 2 BAMAKO;Tél. : +223 20292380;;Banque et Finance;;
https://www.malipages.com/annuaire/banque-et-finance/;FMI – FOND MONETAIRE INTERNATIONAL;QUARTIER DU FLEUVE - MINISTERE DES FINANCES BAMAKO;Tél. : +223 20226465;Fax. : +223 20231191;Banque et FinanceOrganisations InternationalesOrganismes financiers;;
https://www.malipages.com/annuaire/banque-et-finance/;GASPAR CONSULT;IMMEUBLE GAOUSSOU KONATE - RUE RAYMOND POINTCARRE PORTE 99 BAMAKO;Tél. : +223 20228886;;AssurancesBanque et Finance;;
https://www.malipages.com/annuaire/banque-et-finance/;GLOBAL ASSUR;ROUTE DE KOULIKORO DERRIERE LA STATION SODIES BAMAKO;Tél. : +223  69 05 50 89;Fax. : +223 20 22 22 80;globalassurmali@gmail.comAssurances;;
https://www.malipages.com/annuaire/banque-et-finance/;GRAS SAVOYE;QUARTIER DU FLEUVE - IMMEUBLE SOGEFIH - 3EME ETAGE BAMAKO;Tél. : +223 20226475;Fax. : +223 20226470;AssurancesBanque et Finance;;
https://www.malipages.com/annuaire/banque-et-finance/;GROUPE ASKIA;MAGNAMBOUGOU PROJET - IMMEUBLE MOUSSA BEN O. MAÃGA BAMAKO;Tél. : +223 20225763;Fax. : +223 20229831;Banque et FinanceImport-exportInformatique et BureautiqueMatériaux de Construction, Bâtiment et Travaux PublicsTransitTransports, Commerce International et Services Connexes;;
https://www.malipages.com/annuaire/banque-et-finance/;HKT ASSURANCES;HAMDALLAYE ACI 2000 - AVENUE DE LA NATION - IMMEUBLE ATATA BABY BAMAKO;Tél. : +223 20227754;;contact@hktassurances.comAssurances;;
https://www.malipages.com/annuaire/banque-et-finance/;IKAMUT SANTE ET SERVICES;SEBENIKORO  - BOULEVARD MOHAMED VI - VILLA G26 BAMAKO;Tél. : +223 50 13 13 13;;ikamutmutuelle@gmail.comhttp://www.ikamut.com/Assurances;;
https://www.malipages.com/annuaire/banque-et-finance/;JEMENI – CAISSE MUTUELLE D’EPARGNE ET DE CREDIT;MARCHE DIBIDA BAMAKO;Tél. : +223 20234755;;Banque et FinanceCaisses d'épargne et de créditEtablissements financiers;;
https://www.malipages.com/annuaire/banque-et-finance/;JIGIYASO BA;HAMDALLAYE BAMAKO;Tél. : +223 20295030;Fax. : +223 20292157;Banque et Finance;;
https://www.malipages.com/annuaire/banque-et-finance/;MALI CREANCES SA;HAMDALLAYE ACI 2000 - RUE 309 PORTE 369 - BP E 3833 BAMAKO;Tél. : +223 20 29 79 60;;Banque et Finance;;
https://www.malipages.com/annuaire/banque-et-finance/;MONEY TRANS;AVENUE MODIBO KEITA BAMAKO;Tél. : +223 20228100;;Banque et Finance;;
https://www.malipages.com/annuaire/banque-et-finance/;NYESIGISO – RESEAU DE CAISSES D’EPARGNE ET DE CREDIT;" SEGOU";Tél. : +223 21320322;;Banque et FinanceEtablissements financiers;;
https://www.malipages.com/annuaire/banque-et-finance/;NYESIGISO – RESEAU DE CAISSES D’EPARGNE ET DE CREDIT;DRAVELA BOLIBANA BAMAKO;Tél. : +223 20233195;;Banque et FinanceEtablissements financiers;;
https://www.malipages.com/annuaire/banque-et-finance/;GRAS SAVOYE;QUARTIER DU FLEUVE - IMMEUBLE SOGEFIH - 3EME ETAGE BAMAKO;Tél. : +223 20226475;Fax. : +223 20226470;AssurancesBanque et Finance;;
https://www.malipages.com/annuaire/banque-et-finance/;GROUPE ASKIA;MAGNAMBOUGOU PROJET - IMMEUBLE MOUSSA BEN O. MAÃGA BAMAKO;Tél. : +223 20225763;Fax. : +223 20229831;Banque et FinanceImport-exportInformatique et BureautiqueMatériaux de Construction, Bâtiment et Travaux PublicsTransitTransports, Commerce International et Services Connexes;;
https://www.malipages.com/annuaire/banque-et-finance/;HKT ASSURANCES;HAMDALLAYE ACI 2000 - AVENUE DE LA NATION - IMMEUBLE ATATA BABY BAMAKO;Tél. : +223 20227754;;contact@hktassurances.comAssurances;;
https://www.malipages.com/annuaire/banque-et-finance/;IKAMUT SANTE ET SERVICES;SEBENIKORO  - BOULEVARD MOHAMED VI - VILLA G26 BAMAKO;Tél. : +223 50 13 13 13;;ikamutmutuelle@gmail.comhttp://www.ikamut.com/Assurances;;
https://www.malipages.com/annuaire/banque-et-finance/;JEMENI – CAISSE MUTUELLE D’EPARGNE ET DE CREDIT;MARCHE DIBIDA BAMAKO;Tél. : +223 20234755;;Banque et FinanceCaisses d'épargne et de créditEtablissements financiers;;
https://www.malipages.com/annuaire/banque-et-finance/;JIGIYASO BA;HAMDALLAYE BAMAKO;Tél. : +223 20295030;Fax. : +223 20292157;Banque et Finance;;
https://www.malipages.com/annuaire/banque-et-finance/;MALI CREANCES SA;HAMDALLAYE ACI 2000 - RUE 309 PORTE 369 - BP E 3833 BAMAKO;Tél. : +223 20 29 79 60;;Banque et Finance;;
https://www.malipages.com/annuaire/banque-et-finance/;MONEY TRANS;AVENUE MODIBO KEITA BAMAKO;Tél. : +223 20228100;;Banque et Finance;;
https://www.malipages.com/annuaire/banque-et-finance/;NYESIGISO – RESEAU DE CAISSES D’EPARGNE ET DE CREDIT;" SEGOU";Tél. : +223 21320322;;Banque et FinanceEtablissements financiers;;
https://www.malipages.com/annuaire/banque-et-finance/;NYESIGISO – RESEAU DE CAISSES D’EPARGNE ET DE CREDIT;DRAVELA BOLIBANA BAMAKO;Tél. : +223 20233195;;Banque et FinanceEtablissements financiers;;
https://www.malipages.com/annuaire/banque-et-finance/;GRAS SAVOYE;QUARTIER DU FLEUVE - IMMEUBLE SOGEFIH - 3EME ETAGE BAMAKO;Tél. : +223 20226475;Fax. : +223 20226470;AssurancesBanque et Finance;;
https://www.malipages.com/annuaire/banque-et-finance/;GROUPE ASKIA;MAGNAMBOUGOU PROJET - IMMEUBLE MOUSSA BEN O. MAÃGA BAMAKO;Tél. : +223 20225763;Fax. : +223 20229831;Banque et FinanceImport-exportInformatique et BureautiqueMatériaux de Construction, Bâtiment et Travaux PublicsTransitTransports, Commerce International et Services Connexes;;
https://www.malipages.com/annuaire/banque-et-finance/;HKT ASSURANCES;HAMDALLAYE ACI 2000 - AVENUE DE LA NATION - IMMEUBLE ATATA BABY BAMAKO;Tél. : +223 20227754;;contact@hktassurances.comAssurances;;
https://www.malipages.com/annuaire/banque-et-finance/;IKAMUT SANTE ET SERVICES;SEBENIKORO  - BOULEVARD MOHAMED VI - VILLA G26 BAMAKO;Tél. : +223 50 13 13 13;;ikamutmutuelle@gmail.comhttp://www.ikamut.com/Assurances;;
https://www.malipages.com/annuaire/banque-et-finance/;JEMENI – CAISSE MUTUELLE D’EPARGNE ET DE CREDIT;MARCHE DIBIDA BAMAKO;Tél. : +223 20234755;;Banque et FinanceCaisses d'épargne et de créditEtablissements financiers;;
https://www.malipages.com/annuaire/banque-et-finance/;JIGIYASO BA;HAMDALLAYE BAMAKO;Tél. : +223 20295030;Fax. : +223 20292157;Banque et Finance;;
https://www.malipages.com/annuaire/banque-et-finance/;MALI CREANCES SA;HAMDALLAYE ACI 2000 - RUE 309 PORTE 369 - BP E 3833 BAMAKO;Tél. : +223 20 29 79 60;;Banque et Finance;;
https://www.malipages.com/annuaire/banque-et-finance/;MONEY TRANS;AVENUE MODIBO KEITA BAMAKO;Tél. : +223 20228100;;Banque et Finance;;
https://www.malipages.com/annuaire/banque-et-finance/;NYESIGISO – RESEAU DE CAISSES D’EPARGNE ET DE CREDIT;" SEGOU";Tél. : +223 21320322;;Banque et FinanceEtablissements financiers;;
https://www.malipages.com/annuaire/banque-et-finance/;NYESIGISO – RESEAU DE CAISSES D’EPARGNE ET DE CREDIT;DRAVELA BOLIBANA BAMAKO;Tél. : +223 20233195;;Banque et FinanceEtablissements financiers;;
https://www.malipages.com/annuaire/banque-et-finance/;GRAS SAVOYE;QUARTIER DU FLEUVE - IMMEUBLE SOGEFIH - 3EME ETAGE BAMAKO;Tél. : +223 20226475;Fax. : +223 20226470;AssurancesBanque et Finance;;
https://www.malipages.com/annuaire/banque-et-finance/;GROUPE ASKIA;MAGNAMBOUGOU PROJET - IMMEUBLE MOUSSA BEN O. MAÃGA BAMAKO;Tél. : +223 20225763;Fax. : +223 20229831;Banque et FinanceImport-exportInformatique et BureautiqueMatériaux de Construction, Bâtiment et Travaux PublicsTransitTransports, Commerce International et Services Connexes;;
https://www.malipages.com/annuaire/banque-et-finance/;HKT ASSURANCES;HAMDALLAYE ACI 2000 - AVENUE DE LA NATION - IMMEUBLE ATATA BABY BAMAKO;Tél. : +223 20227754;;contact@hktassurances.comAssurances;;
https://www.malipages.com/annuaire/banque-et-finance/;IKAMUT SANTE ET SERVICES;SEBENIKORO  - BOULEVARD MOHAMED VI - VILLA G26 BAMAKO;Tél. : +223 50 13 13 13;;ikamutmutuelle@gmail.comhttp://www.ikamut.com/Assurances;;
https://www.malipages.com/annuaire/banque-et-finance/;JEMENI – CAISSE MUTUELLE D’EPARGNE ET DE CREDIT;MARCHE DIBIDA BAMAKO;Tél. : +223 20234755;;Banque et FinanceCaisses d'épargne et de créditEtablissements financiers;;
https://www.malipages.com/annuaire/banque-et-finance/;JIGIYASO BA;HAMDALLAYE BAMAKO;Tél. : +223 20295030;Fax. : +223 20292157;Banque et Finance;;
https://www.malipages.com/annuaire/banque-et-finance/;MALI CREANCES SA;HAMDALLAYE ACI 2000 - RUE 309 PORTE 369 - BP E 3833 BAMAKO;Tél. : +223 20 29 79 60;;Banque et Finance;;
https://www.malipages.com/annuaire/banque-et-finance/;MONEY TRANS;AVENUE MODIBO KEITA BAMAKO;Tél. : +223 20228100;;Banque et Finance;;
https://www.malipages.com/annuaire/banque-et-finance/;NYESIGISO – RESEAU DE CAISSES D’EPARGNE ET DE CREDIT;" SEGOU";Tél. : +223 21320322;;Banque et FinanceEtablissements financiers;;
https://www.malipages.com/annuaire/banque-et-finance/;NYESIGISO – RESEAU DE CAISSES D’EPARGNE ET DE CREDIT;DRAVELA BOLIBANA BAMAKO;Tél. : +223 20233195;;Banque et FinanceEtablissements financiers;;
https://www.malipages.com/annuaire/banque-et-finance/;GRAS SAVOYE;QUARTIER DU FLEUVE - IMMEUBLE SOGEFIH - 3EME ETAGE BAMAKO;Tél. : +223 20226475;Fax. : +223 20226470;AssurancesBanque et Finance;;
https://www.malipages.com/annuaire/banque-et-finance/;GROUPE ASKIA;MAGNAMBOUGOU PROJET - IMMEUBLE MOUSSA BEN O. MAÃGA BAMAKO;Tél. : +223 20225763;Fax. : +223 20229831;Banque et FinanceImport-exportInformatique et BureautiqueMatériaux de Construction, Bâtiment et Travaux PublicsTransitTransports, Commerce International et Services Connexes;;
https://www.malipages.com/annuaire/banque-et-finance/;HKT ASSURANCES;HAMDALLAYE ACI 2000 - AVENUE DE LA NATION - IMMEUBLE ATATA BABY BAMAKO;Tél. : +223 20227754;;contact@hktassurances.comAssurances;;
https://www.malipages.com/annuaire/banque-et-finance/;IKAMUT SANTE ET SERVICES;SEBENIKORO  - BOULEVARD MOHAMED VI - VILLA G26 BAMAKO;Tél. : +223 50 13 13 13;;ikamutmutuelle@gmail.comhttp://www.ikamut.com/Assurances;;
https://www.malipages.com/annuaire/banque-et-finance/;JEMENI – CAISSE MUTUELLE D’EPARGNE ET DE CREDIT;MARCHE DIBIDA BAMAKO;Tél. : +223 20234755;;Banque et FinanceCaisses d'épargne et de créditEtablissements financiers;;
https://www.malipages.com/annuaire/banque-et-finance/;JIGIYASO BA;HAMDALLAYE BAMAKO;Tél. : +223 20295030;Fax. : +223 20292157;Banque et Finance;;
https://www.malipages.com/annuaire/banque-et-finance/;MALI CREANCES SA;HAMDALLAYE ACI 2000 - RUE 309 PORTE 369 - BP E 3833 BAMAKO;Tél. : +223 20 29 79 60;;Banque et Finance;;
https://www.malipages.com/annuaire/banque-et-finance/;MONEY TRANS;AVENUE MODIBO KEITA BAMAKO;Tél. : +223 20228100;;Banque et Finance;;
https://www.malipages.com/annuaire/banque-et-finance/;NYESIGISO – RESEAU DE CAISSES D’EPARGNE ET DE CREDIT;" SEGOU";Tél. : +223 21320322;;Banque et FinanceEtablissements financiers;;
https://www.malipages.com/annuaire/banque-et-finance/;NYESIGISO – RESEAU DE CAISSES D’EPARGNE ET DE CREDIT;DRAVELA BOLIBANA BAMAKO;Tél. : +223 20233195;;Banque et FinanceEtablissements financiers;;
https://www.malipages.com/annuaire/banque-et-finance/;GRAS SAVOYE;QUARTIER DU FLEUVE - IMMEUBLE SOGEFIH - 3EME ETAGE BAMAKO;Tél. : +223 20226475;Fax. : +223 20226470;AssurancesBanque et Finance;;
https://www.malipages.com/annuaire/banque-et-finance/;GROUPE ASKIA;MAGNAMBOUGOU PROJET - IMMEUBLE MOUSSA BEN O. MAÃGA BAMAKO;Tél. : +223 20225763;Fax. : +223 20229831;Banque et FinanceImport-exportInformatique et BureautiqueMatériaux de Construction, Bâtiment et Travaux PublicsTransitTransports, Commerce International et Services Connexes;;
https://www.malipages.com/annuaire/banque-et-finance/;HKT ASSURANCES;HAMDALLAYE ACI 2000 - AVENUE DE LA NATION - IMMEUBLE ATATA BABY BAMAKO;Tél. : +223 20227754;;contact@hktassurances.comAssurances;;
https://www.malipages.com/annuaire/banque-et-finance/;IKAMUT SANTE ET SERVICES;SEBENIKORO  - BOULEVARD MOHAMED VI - VILLA G26 BAMAKO;Tél. : +223 50 13 13 13;;ikamutmutuelle@gmail.comhttp://www.ikamut.com/Assurances;;
https://www.malipages.com/annuaire/banque-et-finance/;JEMENI – CAISSE MUTUELLE D’EPARGNE ET DE CREDIT;MARCHE DIBIDA BAMAKO;Tél. : +223 20234755;;Banque et FinanceCaisses d'épargne et de créditEtablissements financiers;;
https://www.malipages.com/annuaire/banque-et-finance/;JIGIYASO BA;HAMDALLAYE BAMAKO;Tél. : +223 20295030;Fax. : +223 20292157;Banque et Finance;;
https://www.malipages.com/annuaire/banque-et-finance/;MALI CREANCES SA;HAMDALLAYE ACI 2000 - RUE 309 PORTE 369 - BP E 3833 BAMAKO;Tél. : +223 20 29 79 60;;Banque et Finance;;
https://www.malipages.com/annuaire/banque-et-finance/;MONEY TRANS;AVENUE MODIBO KEITA BAMAKO;Tél. : +223 20228100;;Banque et Finance;;
https://www.malipages.com/annuaire/banque-et-finance/;NYESIGISO – RESEAU DE CAISSES D’EPARGNE ET DE CREDIT;" SEGOU";Tél. : +223 21320322;;Banque et FinanceEtablissements financiers;;
https://www.malipages.com/annuaire/banque-et-finance/;NYESIGISO – RESEAU DE CAISSES D’EPARGNE ET DE CREDIT;DRAVELA BOLIBANA BAMAKO;Tél. : +223 20233195;;Banque et FinanceEtablissements financiers;;
https://www.malipages.com/annuaire/banque-et-finance/;GRAS SAVOYE;QUARTIER DU FLEUVE - IMMEUBLE SOGEFIH - 3EME ETAGE BAMAKO;Tél. : +223 20226475;Fax. : +223 20226470;AssurancesBanque et Finance;;
https://www.malipages.com/annuaire/banque-et-finance/;GROUPE ASKIA;MAGNAMBOUGOU PROJET - IMMEUBLE MOUSSA BEN O. MAÃGA BAMAKO;Tél. : +223 20225763;Fax. : +223 20229831;Banque et FinanceImport-exportInformatique et BureautiqueMatériaux de Construction, Bâtiment et Travaux PublicsTransitTransports, Commerce International et Services Connexes;;
https://www.malipages.com/annuaire/banque-et-finance/;HKT ASSURANCES;HAMDALLAYE ACI 2000 - AVENUE DE LA NATION - IMMEUBLE ATATA BABY BAMAKO;Tél. : +223 20227754;;contact@hktassurances.comAssurances;;
https://www.malipages.com/annuaire/banque-et-finance/;IKAMUT SANTE ET SERVICES;SEBENIKORO  - BOULEVARD MOHAMED VI - VILLA G26 BAMAKO;Tél. : +223 50 13 13 13;;ikamutmutuelle@gmail.comhttp://www.ikamut.com/Assurances;;
https://www.malipages.com/annuaire/banque-et-finance/;JEMENI – CAISSE MUTUELLE D’EPARGNE ET DE CREDIT;MARCHE DIBIDA BAMAKO;Tél. : +223 20234755;;Banque et FinanceCaisses d'épargne et de créditEtablissements financiers;;
https://www.malipages.com/annuaire/banque-et-finance/;JIGIYASO BA;HAMDALLAYE BAMAKO;Tél. : +223 20295030;Fax. : +223 20292157;Banque et Finance;;
https://www.malipages.com/annuaire/banque-et-finance/;MALI CREANCES SA;HAMDALLAYE ACI 2000 - RUE 309 PORTE 369 - BP E 3833 BAMAKO;Tél. : +223 20 29 79 60;;Banque et Finance;;
https://www.malipages.com/annuaire/banque-et-finance/;MONEY TRANS;AVENUE MODIBO KEITA BAMAKO;Tél. : +223 20228100;;Banque et Finance;;
https://www.malipages.com/annuaire/banque-et-finance/;NYESIGISO – RESEAU DE CAISSES D’EPARGNE ET DE CREDIT;" SEGOU";Tél. : +223 21320322;;Banque et FinanceEtablissements financiers;;
https://www.malipages.com/annuaire/banque-et-finance/;NYESIGISO – RESEAU DE CAISSES D’EPARGNE ET DE CREDIT;DRAVELA BOLIBANA BAMAKO;Tél. : +223 20233195;;Banque et FinanceEtablissements financiers;;
https://www.malipages.com/annuaire/banque-et-finance/;NYETAA FINANCES;KALABAN COURA - ROUTE DE L'AEROPORT - IMMEUBLE BORE - 2EME ETAGE - BP E 2663 BAMAKO;Tél. : +223  44 39 26 69;;info@nyetaa-finances.comhttp://www.nyetaa-finances.comBanque et Financemicrofinance;;
https://www.malipages.com/annuaire/banque-et-finance/;ORABANK MALI;HAMDALLAYE ACI 2000 - AVENUE DU MALI - IMMEUBLE SOUTRA - BP 1625 BAMAKO;Tél. : +223 20 70 61 00;Fax. : +223 20 22 23 51;Banque et FinanceInstitutions bancaires;;
https://www.malipages.com/annuaire/banque-et-finance/;PDSF – PROJET DE DEVELOPPEMENT DU SECTEUR FINANCIER;HAMDALLAYE - IMMEUBLE ME MAMADOU KANDA KEITA BAMAKO;Tél. : +223 20292477;Fax. : +223 20292478;Banque et FinanceGouvernement et Ambassades;;
https://www.malipages.com/annuaire/banque-et-finance/;PIEC – PROGRAMME INSTITUTIONNEL D’EPARGNE ET DE CREDIT;" BAMAKO";Tél. : +223 20295861;;Banque et FinanceEtablissements financiers;;
https://www.malipages.com/annuaire/banque-et-finance/;PIYELI;QUINZAMBOUGOU - RUE 524 PORTE 223 BAMAKO;Tél. : +223 20215742;;Banque et FinanceEtablissements financiers;;
https://www.malipages.com/annuaire/banque-et-finance/;QUID ASSURANCES SARL;OUOLOFOBOUOGU BOLIBANA - RUE 457 PORTE 131 BAMAKO;Tél. : +223 20227289;Fax. : +223 20225090;AssurancesBanque et Finance;;
https://www.malipages.com/annuaire/banque-et-finance/;REZO SARL;ACI 2000 - AVENUE DU MALI BAMAKO;Tél. : +223 20221216;;Banque et Finance;;
https://www.malipages.com/annuaire/banque-et-finance/;RMCR – RESEAU DE MICRO INSTITUTIONS DE CROISSANCE DE REVENUS;KALABANCOURA - ROUTE DE L'AEROPORT - RUE 270 PORTE 236 - BP E 2356 BAMAKO;Tél. : +223 20 20 91 18/ 20 20 75 84;;Banque et Financemicrofinance;;
https://www.malipages.com/annuaire/banque-et-finance/;SABU N’YUMAN ASSURANCES;BAMAKO COURA - RUE 350 PORTE 129 BAMAKO;Tél. : +223 20226029;Fax. : +223 20222724;AssurancesBanque et Finance;;
https://www.malipages.com/annuaire/banque-et-finance/;SAFCAR MARSH;IMMEUBLE GAOUSSOU KONATE - RUE RAYMOND POINTCARRE PORTE 99 BAMAKO;Tél. : +223 20234247;;AssurancesBanque et Finance;;
https://www.malipages.com/annuaire/banque-et-finance/;NYETAA FINANCES;KALABAN COURA - ROUTE DE L'AEROPORT - IMMEUBLE BORE - 2EME ETAGE - BP E 2663 BAMAKO;Tél. : +223  44 39 26 69;;info@nyetaa-finances.comhttp://www.nyetaa-finances.comBanque et Financemicrofinance;;
https://www.malipages.com/annuaire/banque-et-finance/;ORABANK MALI;HAMDALLAYE ACI 2000 - AVENUE DU MALI - IMMEUBLE SOUTRA - BP 1625 BAMAKO;Tél. : +223 20 70 61 00;Fax. : +223 20 22 23 51;Banque et FinanceInstitutions bancaires;;
https://www.malipages.com/annuaire/banque-et-finance/;PDSF – PROJET DE DEVELOPPEMENT DU SECTEUR FINANCIER;HAMDALLAYE - IMMEUBLE ME MAMADOU KANDA KEITA BAMAKO;Tél. : +223 20292477;Fax. : +223 20292478;Banque et FinanceGouvernement et Ambassades;;
https://www.malipages.com/annuaire/banque-et-finance/;PIEC – PROGRAMME INSTITUTIONNEL D’EPARGNE ET DE CREDIT;" BAMAKO";Tél. : +223 20295861;;Banque et FinanceEtablissements financiers;;
https://www.malipages.com/annuaire/banque-et-finance/;PIYELI;QUINZAMBOUGOU - RUE 524 PORTE 223 BAMAKO;Tél. : +223 20215742;;Banque et FinanceEtablissements financiers;;
https://www.malipages.com/annuaire/banque-et-finance/;QUID ASSURANCES SARL;OUOLOFOBOUOGU BOLIBANA - RUE 457 PORTE 131 BAMAKO;Tél. : +223 20227289;Fax. : +223 20225090;AssurancesBanque et Finance;;
https://www.malipages.com/annuaire/banque-et-finance/;REZO SARL;ACI 2000 - AVENUE DU MALI BAMAKO;Tél. : +223 20221216;;Banque et Finance;;
https://www.malipages.com/annuaire/banque-et-finance/;RMCR – RESEAU DE MICRO INSTITUTIONS DE CROISSANCE DE REVENUS;KALABANCOURA - ROUTE DE L'AEROPORT - RUE 270 PORTE 236 - BP E 2356 BAMAKO;Tél. : +223 20 20 91 18/ 20 20 75 84;;Banque et Financemicrofinance;;
https://www.malipages.com/annuaire/banque-et-finance/;SABU N’YUMAN ASSURANCES;BAMAKO COURA - RUE 350 PORTE 129 BAMAKO;Tél. : +223 20226029;Fax. : +223 20222724;AssurancesBanque et Finance;;
https://www.malipages.com/annuaire/banque-et-finance/;SAFCAR MARSH;IMMEUBLE GAOUSSOU KONATE - RUE RAYMOND POINTCARRE PORTE 99 BAMAKO;Tél. : +223 20234247;;AssurancesBanque et Finance;;
https://www.malipages.com/annuaire/banque-et-finance/;NYETAA FINANCES;KALABAN COURA - ROUTE DE L'AEROPORT - IMMEUBLE BORE - 2EME ETAGE - BP E 2663 BAMAKO;Tél. : +223  44 39 26 69;;info@nyetaa-finances.comhttp://www.nyetaa-finances.comBanque et Financemicrofinance;;
https://www.malipages.com/annuaire/banque-et-finance/;ORABANK MALI;HAMDALLAYE ACI 2000 - AVENUE DU MALI - IMMEUBLE SOUTRA - BP 1625 BAMAKO;Tél. : +223 20 70 61 00;Fax. : +223 20 22 23 51;Banque et FinanceInstitutions bancaires;;
https://www.malipages.com/annuaire/banque-et-finance/;PDSF – PROJET DE DEVELOPPEMENT DU SECTEUR FINANCIER;HAMDALLAYE - IMMEUBLE ME MAMADOU KANDA KEITA BAMAKO;Tél. : +223 20292477;Fax. : +223 20292478;Banque et FinanceGouvernement et Ambassades;;
https://www.malipages.com/annuaire/banque-et-finance/;PIEC – PROGRAMME INSTITUTIONNEL D’EPARGNE ET DE CREDIT;" BAMAKO";Tél. : +223 20295861;;Banque et FinanceEtablissements financiers;;
https://www.malipages.com/annuaire/banque-et-finance/;PIYELI;QUINZAMBOUGOU - RUE 524 PORTE 223 BAMAKO;Tél. : +223 20215742;;Banque et FinanceEtablissements financiers;;
https://www.malipages.com/annuaire/banque-et-finance/;QUID ASSURANCES SARL;OUOLOFOBOUOGU BOLIBANA - RUE 457 PORTE 131 BAMAKO;Tél. : +223 20227289;Fax. : +223 20225090;AssurancesBanque et Finance;;
https://www.malipages.com/annuaire/banque-et-finance/;REZO SARL;ACI 2000 - AVENUE DU MALI BAMAKO;Tél. : +223 20221216;;Banque et Finance;;
https://www.malipages.com/annuaire/banque-et-finance/;RMCR – RESEAU DE MICRO INSTITUTIONS DE CROISSANCE DE REVENUS;KALABANCOURA - ROUTE DE L'AEROPORT - RUE 270 PORTE 236 - BP E 2356 BAMAKO;Tél. : +223 20 20 91 18/ 20 20 75 84;;Banque et Financemicrofinance;;
https://www.malipages.com/annuaire/banque-et-finance/;SABU N’YUMAN ASSURANCES;BAMAKO COURA - RUE 350 PORTE 129 BAMAKO;Tél. : +223 20226029;Fax. : +223 20222724;AssurancesBanque et Finance;;
https://www.malipages.com/annuaire/banque-et-finance/;SAFCAR MARSH;IMMEUBLE GAOUSSOU KONATE - RUE RAYMOND POINTCARRE PORTE 99 BAMAKO;Tél. : +223 20234247;;AssurancesBanque et Finance;;
https://www.malipages.com/annuaire/banque-et-finance/;NYETAA FINANCES;KALABAN COURA - ROUTE DE L'AEROPORT - IMMEUBLE BORE - 2EME ETAGE - BP E 2663 BAMAKO;Tél. : +223  44 39 26 69;;info@nyetaa-finances.comhttp://www.nyetaa-finances.comBanque et Financemicrofinance;;
https://www.malipages.com/annuaire/banque-et-finance/;ORABANK MALI;HAMDALLAYE ACI 2000 - AVENUE DU MALI - IMMEUBLE SOUTRA - BP 1625 BAMAKO;Tél. : +223 20 70 61 00;Fax. : +223 20 22 23 51;Banque et FinanceInstitutions bancaires;;
https://www.malipages.com/annuaire/banque-et-finance/;PDSF – PROJET DE DEVELOPPEMENT DU SECTEUR FINANCIER;HAMDALLAYE - IMMEUBLE ME MAMADOU KANDA KEITA BAMAKO;Tél. : +223 20292477;Fax. : +223 20292478;Banque et FinanceGouvernement et Ambassades;;
https://www.malipages.com/annuaire/banque-et-finance/;PIEC – PROGRAMME INSTITUTIONNEL D’EPARGNE ET DE CREDIT;" BAMAKO";Tél. : +223 20295861;;Banque et FinanceEtablissements financiers;;
https://www.malipages.com/annuaire/banque-et-finance/;PIYELI;QUINZAMBOUGOU - RUE 524 PORTE 223 BAMAKO;Tél. : +223 20215742;;Banque et FinanceEtablissements financiers;;
https://www.malipages.com/annuaire/banque-et-finance/;QUID ASSURANCES SARL;OUOLOFOBOUOGU BOLIBANA - RUE 457 PORTE 131 BAMAKO;Tél. : +223 20227289;Fax. : +223 20225090;AssurancesBanque et Finance;;
https://www.malipages.com/annuaire/banque-et-finance/;REZO SARL;ACI 2000 - AVENUE DU MALI BAMAKO;Tél. : +223 20221216;;Banque et Finance;;
https://www.malipages.com/annuaire/banque-et-finance/;RMCR – RESEAU DE MICRO INSTITUTIONS DE CROISSANCE DE REVENUS;KALABANCOURA - ROUTE DE L'AEROPORT - RUE 270 PORTE 236 - BP E 2356 BAMAKO;Tél. : +223 20 20 91 18/ 20 20 75 84;;Banque et Financemicrofinance;;
https://www.malipages.com/annuaire/banque-et-finance/;SABU N’YUMAN ASSURANCES;BAMAKO COURA - RUE 350 PORTE 129 BAMAKO;Tél. : +223 20226029;Fax. : +223 20222724;AssurancesBanque et Finance;;
https://www.malipages.com/annuaire/banque-et-finance/;SAFCAR MARSH;IMMEUBLE GAOUSSOU KONATE - RUE RAYMOND POINTCARRE PORTE 99 BAMAKO;Tél. : +223 20234247;;AssurancesBanque et Finance;;
https://www.malipages.com/annuaire/banque-et-finance/;NYETAA FINANCES;KALABAN COURA - ROUTE DE L'AEROPORT - IMMEUBLE BORE - 2EME ETAGE - BP E 2663 BAMAKO;Tél. : +223  44 39 26 69;;info@nyetaa-finances.comhttp://www.nyetaa-finances.comBanque et Financemicrofinance;;
https://www.malipages.com/annuaire/banque-et-finance/;ORABANK MALI;HAMDALLAYE ACI 2000 - AVENUE DU MALI - IMMEUBLE SOUTRA - BP 1625 BAMAKO;Tél. : +223 20 70 61 00;Fax. : +223 20 22 23 51;Banque et FinanceInstitutions bancaires;;
https://www.malipages.com/annuaire/banque-et-finance/;PDSF – PROJET DE DEVELOPPEMENT DU SECTEUR FINANCIER;HAMDALLAYE - IMMEUBLE ME MAMADOU KANDA KEITA BAMAKO;Tél. : +223 20292477;Fax. : +223 20292478;Banque et FinanceGouvernement et Ambassades;;
https://www.malipages.com/annuaire/banque-et-finance/;PIEC – PROGRAMME INSTITUTIONNEL D’EPARGNE ET DE CREDIT;" BAMAKO";Tél. : +223 20295861;;Banque et FinanceEtablissements financiers;;
https://www.malipages.com/annuaire/banque-et-finance/;PIYELI;QUINZAMBOUGOU - RUE 524 PORTE 223 BAMAKO;Tél. : +223 20215742;;Banque et FinanceEtablissements financiers;;
https://www.malipages.com/annuaire/banque-et-finance/;QUID ASSURANCES SARL;OUOLOFOBOUOGU BOLIBANA - RUE 457 PORTE 131 BAMAKO;Tél. : +223 20227289;Fax. : +223 20225090;AssurancesBanque et Finance;;
https://www.malipages.com/annuaire/banque-et-finance/;REZO SARL;ACI 2000 - AVENUE DU MALI BAMAKO;Tél. : +223 20221216;;Banque et Finance;;
https://www.malipages.com/annuaire/banque-et-finance/;RMCR – RESEAU DE MICRO INSTITUTIONS DE CROISSANCE DE REVENUS;KALABANCOURA - ROUTE DE L'AEROPORT - RUE 270 PORTE 236 - BP E 2356 BAMAKO;Tél. : +223 20 20 91 18/ 20 20 75 84;;Banque et Financemicrofinance;;
https://www.malipages.com/annuaire/banque-et-finance/;SABU N’YUMAN ASSURANCES;BAMAKO COURA - RUE 350 PORTE 129 BAMAKO;Tél. : +223 20226029;Fax. : +223 20222724;AssurancesBanque et Finance;;
https://www.malipages.com/annuaire/banque-et-finance/;SAFCAR MARSH;IMMEUBLE GAOUSSOU KONATE - RUE RAYMOND POINTCARRE PORTE 99 BAMAKO;Tél. : +223 20234247;;AssurancesBanque et Finance;;
https://www.malipages.com/annuaire/banque-et-finance/;NYETAA FINANCES;KALABAN COURA - ROUTE DE L'AEROPORT - IMMEUBLE BORE - 2EME ETAGE - BP E 2663 BAMAKO;Tél. : +223  44 39 26 69;;info@nyetaa-finances.comhttp://www.nyetaa-finances.comBanque et Financemicrofinance;;
https://www.malipages.com/annuaire/banque-et-finance/;ORABANK MALI;HAMDALLAYE ACI 2000 - AVENUE DU MALI - IMMEUBLE SOUTRA - BP 1625 BAMAKO;Tél. : +223 20 70 61 00;Fax. : +223 20 22 23 51;Banque et FinanceInstitutions bancaires;;
https://www.malipages.com/annuaire/banque-et-finance/;PDSF – PROJET DE DEVELOPPEMENT DU SECTEUR FINANCIER;HAMDALLAYE - IMMEUBLE ME MAMADOU KANDA KEITA BAMAKO;Tél. : +223 20292477;Fax. : +223 20292478;Banque et FinanceGouvernement et Ambassades;;
https://www.malipages.com/annuaire/banque-et-finance/;PIEC – PROGRAMME INSTITUTIONNEL D’EPARGNE ET DE CREDIT;" BAMAKO";Tél. : +223 20295861;;Banque et FinanceEtablissements financiers;;
https://www.malipages.com/annuaire/banque-et-finance/;PIYELI;QUINZAMBOUGOU - RUE 524 PORTE 223 BAMAKO;Tél. : +223 20215742;;Banque et FinanceEtablissements financiers;;
https://www.malipages.com/annuaire/banque-et-finance/;QUID ASSURANCES SARL;OUOLOFOBOUOGU BOLIBANA - RUE 457 PORTE 131 BAMAKO;Tél. : +223 20227289;Fax. : +223 20225090;AssurancesBanque et Finance;;
https://www.malipages.com/annuaire/banque-et-finance/;REZO SARL;ACI 2000 - AVENUE DU MALI BAMAKO;Tél. : +223 20221216;;Banque et Finance;;
https://www.malipages.com/annuaire/banque-et-finance/;RMCR – RESEAU DE MICRO INSTITUTIONS DE CROISSANCE DE REVENUS;KALABANCOURA - ROUTE DE L'AEROPORT - RUE 270 PORTE 236 - BP E 2356 BAMAKO;Tél. : +223 20 20 91 18/ 20 20 75 84;;Banque et Financemicrofinance;;
https://www.malipages.com/annuaire/banque-et-finance/;SABU N’YUMAN ASSURANCES;BAMAKO COURA - RUE 350 PORTE 129 BAMAKO;Tél. : +223 20226029;Fax. : +223 20222724;AssurancesBanque et Finance;;
https://www.malipages.com/annuaire/banque-et-finance/;SAFCAR MARSH;IMMEUBLE GAOUSSOU KONATE - RUE RAYMOND POINTCARRE PORTE 99 BAMAKO;Tél. : +223 20234247;;AssurancesBanque et Finance;;
https://www.malipages.com/annuaire/banque-et-finance/;NYETAA FINANCES;KALABAN COURA - ROUTE DE L'AEROPORT - IMMEUBLE BORE - 2EME ETAGE - BP E 2663 BAMAKO;Tél. : +223  44 39 26 69;;info@nyetaa-finances.comhttp://www.nyetaa-finances.comBanque et Financemicrofinance;;
https://www.malipages.com/annuaire/banque-et-finance/;ORABANK MALI;HAMDALLAYE ACI 2000 - AVENUE DU MALI - IMMEUBLE SOUTRA - BP 1625 BAMAKO;Tél. : +223 20 70 61 00;Fax. : +223 20 22 23 51;Banque et FinanceInstitutions bancaires;;
https://www.malipages.com/annuaire/banque-et-finance/;PDSF – PROJET DE DEVELOPPEMENT DU SECTEUR FINANCIER;HAMDALLAYE - IMMEUBLE ME MAMADOU KANDA KEITA BAMAKO;Tél. : +223 20292477;Fax. : +223 20292478;Banque et FinanceGouvernement et Ambassades;;
https://www.malipages.com/annuaire/banque-et-finance/;PIEC – PROGRAMME INSTITUTIONNEL D’EPARGNE ET DE CREDIT;" BAMAKO";Tél. : +223 20295861;;Banque et FinanceEtablissements financiers;;
https://www.malipages.com/annuaire/banque-et-finance/;PIYELI;QUINZAMBOUGOU - RUE 524 PORTE 223 BAMAKO;Tél. : +223 20215742;;Banque et FinanceEtablissements financiers;;
https://www.malipages.com/annuaire/banque-et-finance/;QUID ASSURANCES SARL;OUOLOFOBOUOGU BOLIBANA - RUE 457 PORTE 131 BAMAKO;Tél. : +223 20227289;Fax. : +223 20225090;AssurancesBanque et Finance;;
https://www.malipages.com/annuaire/banque-et-finance/;REZO SARL;ACI 2000 - AVENUE DU MALI BAMAKO;Tél. : +223 20221216;;Banque et Finance;;
https://www.malipages.com/annuaire/banque-et-finance/;RMCR – RESEAU DE MICRO INSTITUTIONS DE CROISSANCE DE REVENUS;KALABANCOURA - ROUTE DE L'AEROPORT - RUE 270 PORTE 236 - BP E 2356 BAMAKO;Tél. : +223 20 20 91 18/ 20 20 75 84;;Banque et Financemicrofinance;;
https://www.malipages.com/annuaire/banque-et-finance/;SABU N’YUMAN ASSURANCES;BAMAKO COURA - RUE 350 PORTE 129 BAMAKO;Tél. : +223 20226029;Fax. : +223 20222724;AssurancesBanque et Finance;;
https://www.malipages.com/annuaire/banque-et-finance/;SAFCAR MARSH;IMMEUBLE GAOUSSOU KONATE - RUE RAYMOND POINTCARRE PORTE 99 BAMAKO;Tél. : +223 20234247;;AssurancesBanque et Finance;;
https://www.malipages.com/annuaire/banque-et-finance/;NYETAA FINANCES;KALABAN COURA - ROUTE DE L'AEROPORT - IMMEUBLE BORE - 2EME ETAGE - BP E 2663 BAMAKO;Tél. : +223  44 39 26 69;;info@nyetaa-finances.comhttp://www.nyetaa-finances.comBanque et Financemicrofinance;;
https://www.malipages.com/annuaire/banque-et-finance/;ORABANK MALI;HAMDALLAYE ACI 2000 - AVENUE DU MALI - IMMEUBLE SOUTRA - BP 1625 BAMAKO;Tél. : +223 20 70 61 00;Fax. : +223 20 22 23 51;Banque et FinanceInstitutions bancaires;;
https://www.malipages.com/annuaire/banque-et-finance/;PDSF – PROJET DE DEVELOPPEMENT DU SECTEUR FINANCIER;HAMDALLAYE - IMMEUBLE ME MAMADOU KANDA KEITA BAMAKO;Tél. : +223 20292477;Fax. : +223 20292478;Banque et FinanceGouvernement et Ambassades;;
https://www.malipages.com/annuaire/banque-et-finance/;PIEC – PROGRAMME INSTITUTIONNEL D’EPARGNE ET DE CREDIT;" BAMAKO";Tél. : +223 20295861;;Banque et FinanceEtablissements financiers;;
https://www.malipages.com/annuaire/banque-et-finance/;PIYELI;QUINZAMBOUGOU - RUE 524 PORTE 223 BAMAKO;Tél. : +223 20215742;;Banque et FinanceEtablissements financiers;;
https://www.malipages.com/annuaire/banque-et-finance/;QUID ASSURANCES SARL;OUOLOFOBOUOGU BOLIBANA - RUE 457 PORTE 131 BAMAKO;Tél. : +223 20227289;Fax. : +223 20225090;AssurancesBanque et Finance;;
https://www.malipages.com/annuaire/banque-et-finance/;REZO SARL;ACI 2000 - AVENUE DU MALI BAMAKO;Tél. : +223 20221216;;Banque et Finance;;
https://www.malipages.com/annuaire/banque-et-finance/;RMCR – RESEAU DE MICRO INSTITUTIONS DE CROISSANCE DE REVENUS;KALABANCOURA - ROUTE DE L'AEROPORT - RUE 270 PORTE 236 - BP E 2356 BAMAKO;Tél. : +223 20 20 91 18/ 20 20 75 84;;Banque et Financemicrofinance;;
https://www.malipages.com/annuaire/banque-et-finance/;SABU N’YUMAN ASSURANCES;BAMAKO COURA - RUE 350 PORTE 129 BAMAKO;Tél. : +223 20226029;Fax. : +223 20222724;AssurancesBanque et Finance;;
https://www.malipages.com/annuaire/banque-et-finance/;SAFCAR MARSH;IMMEUBLE GAOUSSOU KONATE - RUE RAYMOND POINTCARRE PORTE 99 BAMAKO;Tél. : +223 20234247;;AssurancesBanque et Finance;;
https://www.malipages.com/annuaire/banque-et-finance/;SAHAM ASSURANCES MALI;627 AVENUE MODIBO KEITA BAMAKO;Tél. : +223 20225775;Fax. : +223 20232423;AssurancesBanque et Finance;;
https://www.malipages.com/annuaire/banque-et-finance/;SAHAM ASSURANCES VIE MALI;HAMDALLAYE ACI 2000 - IMMEUBLE HAMARY DEMBELE BAMAKO;Tél. : +223 20221223;;AssurancesBanque et Finance;;
https://www.malipages.com/annuaire/banque-et-finance/;SAMA MONEY;HAMDALLAYE ACI 2000 - IMMEUBLE TRAINIS - BP E 5446 BAMAKO;Tél. : +223 20 22 07 07 / 76 29 92 45;;Banque et Finance;;
https://www.malipages.com/annuaire/banque-et-finance/;SANLAM ASSURANCES MALI;QUARTIER DU FLEUVE - BOULEVARD DU 22 OCTOBRE - RUE 303 - IMMEUBLE SANLAM BAMAKO;Tél. : +223 20 20 57 75/20 22 12 20;;Assurances;;
https://www.malipages.com/annuaire/banque-et-finance/;SCPCE;" BAMAKO";Tél. : +223 20229190;Fax. : +223 20229350;Banque et FinanceBanquesOrganismes financiers;;
https://www.malipages.com/annuaire/banque-et-finance/;SGI MALI – SOCIETE DE GESTION ET D’INTERMEDIATION DU MALI;HAMDALLAYE ACI 2000 - IMMEUBLE DU PATRONAT 3EME ETAGE - BP E 2477 BAMAKO;Tél. : +223 20 29 29 72 /20 29 41 19;Fax. : +223 20 29 29 75;Banque et FinanceEtablissements financiers;;
https://www.malipages.com/annuaire/banque-et-finance/;SONAVIE – SOCIETE NOUVELLE D’ASSURANCE VIE;ACI 2000 - IMMEUBLE SONAVIE BAMAKO;Tél. : +223 20295400;;AssurancesBanque et Finance;;
https://www.malipages.com/annuaire/banque-et-finance/;SUNU ASSURANCES;HAMDALLAYE - IMMEUBLE FILY KEITA BAMAKO;Tél. : +223 20220802;;AssurancesBanque et Finance;;
https://www.malipages.com/annuaire/banque-et-finance/;TELIA EXPRESS MONEY;HAMDALLAYE ACI 2000 - RUE 385 PORTE 231 - BP 2787 BAMAKO;Tél. : +223 74 95 22 04/ 68 87 87 84;;Banque et Finance;;
https://www.malipages.com/annuaire/banque-et-finance/;UBA MALI;HAMDALLAYE ACI 2000 - RUE 360 BAMAKO;Tél. : +223 20292109;;cfc@ubagroup.comBanque et FinanceInstitutions bancaires;;
https://www.malipages.com/annuaire/banque-et-finance/;SAHAM ASSURANCES MALI;627 AVENUE MODIBO KEITA BAMAKO;Tél. : +223 20225775;Fax. : +223 20232423;AssurancesBanque et Finance;;
https://www.malipages.com/annuaire/banque-et-finance/;SAHAM ASSURANCES VIE MALI;HAMDALLAYE ACI 2000 - IMMEUBLE HAMARY DEMBELE BAMAKO;Tél. : +223 20221223;;AssurancesBanque et Finance;;
https://www.malipages.com/annuaire/banque-et-finance/;SAMA MONEY;HAMDALLAYE ACI 2000 - IMMEUBLE TRAINIS - BP E 5446 BAMAKO;Tél. : +223 20 22 07 07 / 76 29 92 45;;Banque et Finance;;
https://www.malipages.com/annuaire/banque-et-finance/;SANLAM ASSURANCES MALI;QUARTIER DU FLEUVE - BOULEVARD DU 22 OCTOBRE - RUE 303 - IMMEUBLE SANLAM BAMAKO;Tél. : +223 20 20 57 75/20 22 12 20;;Assurances;;
https://www.malipages.com/annuaire/banque-et-finance/;SCPCE;" BAMAKO";Tél. : +223 20229190;Fax. : +223 20229350;Banque et FinanceBanquesOrganismes financiers;;
https://www.malipages.com/annuaire/banque-et-finance/;SGI MALI – SOCIETE DE GESTION ET D’INTERMEDIATION DU MALI;HAMDALLAYE ACI 2000 - IMMEUBLE DU PATRONAT 3EME ETAGE - BP E 2477 BAMAKO;Tél. : +223 20 29 29 72 /20 29 41 19;Fax. : +223 20 29 29 75;Banque et FinanceEtablissements financiers;;
https://www.malipages.com/annuaire/banque-et-finance/;SONAVIE – SOCIETE NOUVELLE D’ASSURANCE VIE;ACI 2000 - IMMEUBLE SONAVIE BAMAKO;Tél. : +223 20295400;;AssurancesBanque et Finance;;
https://www.malipages.com/annuaire/banque-et-finance/;SUNU ASSURANCES;HAMDALLAYE - IMMEUBLE FILY KEITA BAMAKO;Tél. : +223 20220802;;AssurancesBanque et Finance;;
https://www.malipages.com/annuaire/banque-et-finance/;TELIA EXPRESS MONEY;HAMDALLAYE ACI 2000 - RUE 385 PORTE 231 - BP 2787 BAMAKO;Tél. : +223 74 95 22 04/ 68 87 87 84;;Banque et Finance;;
https://www.malipages.com/annuaire/banque-et-finance/;UBA MALI;HAMDALLAYE ACI 2000 - RUE 360 BAMAKO;Tél. : +223 20292109;;cfc@ubagroup.comBanque et FinanceInstitutions bancaires;;
https://www.malipages.com/annuaire/banque-et-finance/;SAHAM ASSURANCES MALI;627 AVENUE MODIBO KEITA BAMAKO;Tél. : +223 20225775;Fax. : +223 20232423;AssurancesBanque et Finance;;
https://www.malipages.com/annuaire/banque-et-finance/;SAHAM ASSURANCES VIE MALI;HAMDALLAYE ACI 2000 - IMMEUBLE HAMARY DEMBELE BAMAKO;Tél. : +223 20221223;;AssurancesBanque et Finance;;
https://www.malipages.com/annuaire/banque-et-finance/;SAMA MONEY;HAMDALLAYE ACI 2000 - IMMEUBLE TRAINIS - BP E 5446 BAMAKO;Tél. : +223 20 22 07 07 / 76 29 92 45;;Banque et Finance;;
https://www.malipages.com/annuaire/banque-et-finance/;SANLAM ASSURANCES MALI;QUARTIER DU FLEUVE - BOULEVARD DU 22 OCTOBRE - RUE 303 - IMMEUBLE SANLAM BAMAKO;Tél. : +223 20 20 57 75/20 22 12 20;;Assurances;;
https://www.malipages.com/annuaire/banque-et-finance/;SCPCE;" BAMAKO";Tél. : +223 20229190;Fax. : +223 20229350;Banque et FinanceBanquesOrganismes financiers;;
https://www.malipages.com/annuaire/banque-et-finance/;SGI MALI – SOCIETE DE GESTION ET D’INTERMEDIATION DU MALI;HAMDALLAYE ACI 2000 - IMMEUBLE DU PATRONAT 3EME ETAGE - BP E 2477 BAMAKO;Tél. : +223 20 29 29 72 /20 29 41 19;Fax. : +223 20 29 29 75;Banque et FinanceEtablissements financiers;;
https://www.malipages.com/annuaire/banque-et-finance/;SONAVIE – SOCIETE NOUVELLE D’ASSURANCE VIE;ACI 2000 - IMMEUBLE SONAVIE BAMAKO;Tél. : +223 20295400;;AssurancesBanque et Finance;;
https://www.malipages.com/annuaire/banque-et-finance/;SUNU ASSURANCES;HAMDALLAYE - IMMEUBLE FILY KEITA BAMAKO;Tél. : +223 20220802;;AssurancesBanque et Finance;;
https://www.malipages.com/annuaire/banque-et-finance/;TELIA EXPRESS MONEY;HAMDALLAYE ACI 2000 - RUE 385 PORTE 231 - BP 2787 BAMAKO;Tél. : +223 74 95 22 04/ 68 87 87 84;;Banque et Finance;;
https://www.malipages.com/annuaire/banque-et-finance/;UBA MALI;HAMDALLAYE ACI 2000 - RUE 360 BAMAKO;Tél. : +223 20292109;;cfc@ubagroup.comBanque et FinanceInstitutions bancaires;;
https://www.malipages.com/annuaire/banque-et-finance/;SAHAM ASSURANCES MALI;627 AVENUE MODIBO KEITA BAMAKO;Tél. : +223 20225775;Fax. : +223 20232423;AssurancesBanque et Finance;;
https://www.malipages.com/annuaire/banque-et-finance/;SAHAM ASSURANCES VIE MALI;HAMDALLAYE ACI 2000 - IMMEUBLE HAMARY DEMBELE BAMAKO;Tél. : +223 20221223;;AssurancesBanque et Finance;;
https://www.malipages.com/annuaire/banque-et-finance/;SAMA MONEY;HAMDALLAYE ACI 2000 - IMMEUBLE TRAINIS - BP E 5446 BAMAKO;Tél. : +223 20 22 07 07 / 76 29 92 45;;Banque et Finance;;
https://www.malipages.com/annuaire/banque-et-finance/;SANLAM ASSURANCES MALI;QUARTIER DU FLEUVE - BOULEVARD DU 22 OCTOBRE - RUE 303 - IMMEUBLE SANLAM BAMAKO;Tél. : +223 20 20 57 75/20 22 12 20;;Assurances;;
https://www.malipages.com/annuaire/banque-et-finance/;SCPCE;" BAMAKO";Tél. : +223 20229190;Fax. : +223 20229350;Banque et FinanceBanquesOrganismes financiers;;
https://www.malipages.com/annuaire/banque-et-finance/;SGI MALI – SOCIETE DE GESTION ET D’INTERMEDIATION DU MALI;HAMDALLAYE ACI 2000 - IMMEUBLE DU PATRONAT 3EME ETAGE - BP E 2477 BAMAKO;Tél. : +223 20 29 29 72 /20 29 41 19;Fax. : +223 20 29 29 75;Banque et FinanceEtablissements financiers;;
https://www.malipages.com/annuaire/banque-et-finance/;SONAVIE – SOCIETE NOUVELLE D’ASSURANCE VIE;ACI 2000 - IMMEUBLE SONAVIE BAMAKO;Tél. : +223 20295400;;AssurancesBanque et Finance;;
https://www.malipages.com/annuaire/banque-et-finance/;SUNU ASSURANCES;HAMDALLAYE - IMMEUBLE FILY KEITA BAMAKO;Tél. : +223 20220802;;AssurancesBanque et Finance;;
https://www.malipages.com/annuaire/banque-et-finance/;TELIA EXPRESS MONEY;HAMDALLAYE ACI 2000 - RUE 385 PORTE 231 - BP 2787 BAMAKO;Tél. : +223 74 95 22 04/ 68 87 87 84;;Banque et Finance;;
https://www.malipages.com/annuaire/banque-et-finance/;UBA MALI;HAMDALLAYE ACI 2000 - RUE 360 BAMAKO;Tél. : +223 20292109;;cfc@ubagroup.comBanque et FinanceInstitutions bancaires;;
https://www.malipages.com/annuaire/banque-et-finance/;SAHAM ASSURANCES MALI;627 AVENUE MODIBO KEITA BAMAKO;Tél. : +223 20225775;Fax. : +223 20232423;AssurancesBanque et Finance;;
https://www.malipages.com/annuaire/banque-et-finance/;SAHAM ASSURANCES VIE MALI;HAMDALLAYE ACI 2000 - IMMEUBLE HAMARY DEMBELE BAMAKO;Tél. : +223 20221223;;AssurancesBanque et Finance;;
https://www.malipages.com/annuaire/banque-et-finance/;SAMA MONEY;HAMDALLAYE ACI 2000 - IMMEUBLE TRAINIS - BP E 5446 BAMAKO;Tél. : +223 20 22 07 07 / 76 29 92 45;;Banque et Finance;;
https://www.malipages.com/annuaire/banque-et-finance/;SANLAM ASSURANCES MALI;QUARTIER DU FLEUVE - BOULEVARD DU 22 OCTOBRE - RUE 303 - IMMEUBLE SANLAM BAMAKO;Tél. : +223 20 20 57 75/20 22 12 20;;Assurances;;
https://www.malipages.com/annuaire/banque-et-finance/;SCPCE;" BAMAKO";Tél. : +223 20229190;Fax. : +223 20229350;Banque et FinanceBanquesOrganismes financiers;;
https://www.malipages.com/annuaire/banque-et-finance/;SGI MALI – SOCIETE DE GESTION ET D’INTERMEDIATION DU MALI;HAMDALLAYE ACI 2000 - IMMEUBLE DU PATRONAT 3EME ETAGE - BP E 2477 BAMAKO;Tél. : +223 20 29 29 72 /20 29 41 19;Fax. : +223 20 29 29 75;Banque et FinanceEtablissements financiers;;
https://www.malipages.com/annuaire/banque-et-finance/;SONAVIE – SOCIETE NOUVELLE D’ASSURANCE VIE;ACI 2000 - IMMEUBLE SONAVIE BAMAKO;Tél. : +223 20295400;;AssurancesBanque et Finance;;
https://www.malipages.com/annuaire/banque-et-finance/;SUNU ASSURANCES;HAMDALLAYE - IMMEUBLE FILY KEITA BAMAKO;Tél. : +223 20220802;;AssurancesBanque et Finance;;
https://www.malipages.com/annuaire/banque-et-finance/;TELIA EXPRESS MONEY;HAMDALLAYE ACI 2000 - RUE 385 PORTE 231 - BP 2787 BAMAKO;Tél. : +223 74 95 22 04/ 68 87 87 84;;Banque et Finance;;
https://www.malipages.com/annuaire/banque-et-finance/;UBA MALI;HAMDALLAYE ACI 2000 - RUE 360 BAMAKO;Tél. : +223 20292109;;cfc@ubagroup.comBanque et FinanceInstitutions bancaires;;
https://www.malipages.com/annuaire/banque-et-finance/;SAHAM ASSURANCES MALI;627 AVENUE MODIBO KEITA BAMAKO;Tél. : +223 20225775;Fax. : +223 20232423;AssurancesBanque et Finance;;
https://www.malipages.com/annuaire/banque-et-finance/;SAHAM ASSURANCES VIE MALI;HAMDALLAYE ACI 2000 - IMMEUBLE HAMARY DEMBELE BAMAKO;Tél. : +223 20221223;;AssurancesBanque et Finance;;
https://www.malipages.com/annuaire/banque-et-finance/;SAMA MONEY;HAMDALLAYE ACI 2000 - IMMEUBLE TRAINIS - BP E 5446 BAMAKO;Tél. : +223 20 22 07 07 / 76 29 92 45;;Banque et Finance;;
https://www.malipages.com/annuaire/banque-et-finance/;SANLAM ASSURANCES MALI;QUARTIER DU FLEUVE - BOULEVARD DU 22 OCTOBRE - RUE 303 - IMMEUBLE SANLAM BAMAKO;Tél. : +223 20 20 57 75/20 22 12 20;;Assurances;;
https://www.malipages.com/annuaire/banque-et-finance/;SCPCE;" BAMAKO";Tél. : +223 20229190;Fax. : +223 20229350;Banque et FinanceBanquesOrganismes financiers;;
https://www.malipages.com/annuaire/banque-et-finance/;SGI MALI – SOCIETE DE GESTION ET D’INTERMEDIATION DU MALI;HAMDALLAYE ACI 2000 - IMMEUBLE DU PATRONAT 3EME ETAGE - BP E 2477 BAMAKO;Tél. : +223 20 29 29 72 /20 29 41 19;Fax. : +223 20 29 29 75;Banque et FinanceEtablissements financiers;;
https://www.malipages.com/annuaire/banque-et-finance/;SONAVIE – SOCIETE NOUVELLE D’ASSURANCE VIE;ACI 2000 - IMMEUBLE SONAVIE BAMAKO;Tél. : +223 20295400;;AssurancesBanque et Finance;;
https://www.malipages.com/annuaire/banque-et-finance/;SUNU ASSURANCES;HAMDALLAYE - IMMEUBLE FILY KEITA BAMAKO;Tél. : +223 20220802;;AssurancesBanque et Finance;;
https://www.malipages.com/annuaire/banque-et-finance/;TELIA EXPRESS MONEY;HAMDALLAYE ACI 2000 - RUE 385 PORTE 231 - BP 2787 BAMAKO;Tél. : +223 74 95 22 04/ 68 87 87 84;;Banque et Finance;;
https://www.malipages.com/annuaire/banque-et-finance/;UBA MALI;HAMDALLAYE ACI 2000 - RUE 360 BAMAKO;Tél. : +223 20292109;;cfc@ubagroup.comBanque et FinanceInstitutions bancaires;;
https://www.malipages.com/annuaire/banque-et-finance/;SAHAM ASSURANCES MALI;627 AVENUE MODIBO KEITA BAMAKO;Tél. : +223 20225775;Fax. : +223 20232423;AssurancesBanque et Finance;;
https://www.malipages.com/annuaire/banque-et-finance/;SAHAM ASSURANCES VIE MALI;HAMDALLAYE ACI 2000 - IMMEUBLE HAMARY DEMBELE BAMAKO;Tél. : +223 20221223;;AssurancesBanque et Finance;;
https://www.malipages.com/annuaire/banque-et-finance/;SAMA MONEY;HAMDALLAYE ACI 2000 - IMMEUBLE TRAINIS - BP E 5446 BAMAKO;Tél. : +223 20 22 07 07 / 76 29 92 45;;Banque et Finance;;
https://www.malipages.com/annuaire/banque-et-finance/;SANLAM ASSURANCES MALI;QUARTIER DU FLEUVE - BOULEVARD DU 22 OCTOBRE - RUE 303 - IMMEUBLE SANLAM BAMAKO;Tél. : +223 20 20 57 75/20 22 12 20;;Assurances;;
https://www.malipages.com/annuaire/banque-et-finance/;SCPCE;" BAMAKO";Tél. : +223 20229190;Fax. : +223 20229350;Banque et FinanceBanquesOrganismes financiers;;
https://www.malipages.com/annuaire/banque-et-finance/;SGI MALI – SOCIETE DE GESTION ET D’INTERMEDIATION DU MALI;HAMDALLAYE ACI 2000 - IMMEUBLE DU PATRONAT 3EME ETAGE - BP E 2477 BAMAKO;Tél. : +223 20 29 29 72 /20 29 41 19;Fax. : +223 20 29 29 75;Banque et FinanceEtablissements financiers;;
https://www.malipages.com/annuaire/banque-et-finance/;SONAVIE – SOCIETE NOUVELLE D’ASSURANCE VIE;ACI 2000 - IMMEUBLE SONAVIE BAMAKO;Tél. : +223 20295400;;AssurancesBanque et Finance;;
https://www.malipages.com/annuaire/banque-et-finance/;SUNU ASSURANCES;HAMDALLAYE - IMMEUBLE FILY KEITA BAMAKO;Tél. : +223 20220802;;AssurancesBanque et Finance;;
https://www.malipages.com/annuaire/banque-et-finance/;TELIA EXPRESS MONEY;HAMDALLAYE ACI 2000 - RUE 385 PORTE 231 - BP 2787 BAMAKO;Tél. : +223 74 95 22 04/ 68 87 87 84;;Banque et Finance;;
https://www.malipages.com/annuaire/banque-et-finance/;UBA MALI;HAMDALLAYE ACI 2000 - RUE 360 BAMAKO;Tél. : +223 20292109;;cfc@ubagroup.comBanque et FinanceInstitutions bancaires;;
https://www.malipages.com/annuaire/banque-et-finance/;SAHAM ASSURANCES MALI;627 AVENUE MODIBO KEITA BAMAKO;Tél. : +223 20225775;Fax. : +223 20232423;AssurancesBanque et Finance;;
https://www.malipages.com/annuaire/banque-et-finance/;SAHAM ASSURANCES VIE MALI;HAMDALLAYE ACI 2000 - IMMEUBLE HAMARY DEMBELE BAMAKO;Tél. : +223 20221223;;AssurancesBanque et Finance;;
https://www.malipages.com/annuaire/banque-et-finance/;SAMA MONEY;HAMDALLAYE ACI 2000 - IMMEUBLE TRAINIS - BP E 5446 BAMAKO;Tél. : +223 20 22 07 07 / 76 29 92 45;;Banque et Finance;;
https://www.malipages.com/annuaire/banque-et-finance/;SANLAM ASSURANCES MALI;QUARTIER DU FLEUVE - BOULEVARD DU 22 OCTOBRE - RUE 303 - IMMEUBLE SANLAM BAMAKO;Tél. : +223 20 20 57 75/20 22 12 20;;Assurances;;
https://www.malipages.com/annuaire/banque-et-finance/;SCPCE;" BAMAKO";Tél. : +223 20229190;Fax. : +223 20229350;Banque et FinanceBanquesOrganismes financiers;;
https://www.malipages.com/annuaire/banque-et-finance/;SGI MALI – SOCIETE DE GESTION ET D’INTERMEDIATION DU MALI;HAMDALLAYE ACI 2000 - IMMEUBLE DU PATRONAT 3EME ETAGE - BP E 2477 BAMAKO;Tél. : +223 20 29 29 72 /20 29 41 19;Fax. : +223 20 29 29 75;Banque et FinanceEtablissements financiers;;
https://www.malipages.com/annuaire/banque-et-finance/;SONAVIE – SOCIETE NOUVELLE D’ASSURANCE VIE;ACI 2000 - IMMEUBLE SONAVIE BAMAKO;Tél. : +223 20295400;;AssurancesBanque et Finance;;
https://www.malipages.com/annuaire/banque-et-finance/;SUNU ASSURANCES;HAMDALLAYE - IMMEUBLE FILY KEITA BAMAKO;Tél. : +223 20220802;;AssurancesBanque et Finance;;
https://www.malipages.com/annuaire/banque-et-finance/;TELIA EXPRESS MONEY;HAMDALLAYE ACI 2000 - RUE 385 PORTE 231 - BP 2787 BAMAKO;Tél. : +223 74 95 22 04/ 68 87 87 84;;Banque et Finance;;
https://www.malipages.com/annuaire/banque-et-finance/;UBA MALI;HAMDALLAYE ACI 2000 - RUE 360 BAMAKO;Tél. : +223 20292109;;cfc@ubagroup.comBanque et FinanceInstitutions bancaires;;
https://www.malipages.com/annuaire/banque-et-finance/;SAHAM ASSURANCES MALI;627 AVENUE MODIBO KEITA BAMAKO;Tél. : +223 20225775;Fax. : +223 20232423;AssurancesBanque et Finance;;
https://www.malipages.com/annuaire/banque-et-finance/;SAHAM ASSURANCES VIE MALI;HAMDALLAYE ACI 2000 - IMMEUBLE HAMARY DEMBELE BAMAKO;Tél. : +223 20221223;;AssurancesBanque et Finance;;
https://www.malipages.com/annuaire/banque-et-finance/;SAMA MONEY;HAMDALLAYE ACI 2000 - IMMEUBLE TRAINIS - BP E 5446 BAMAKO;Tél. : +223 20 22 07 07 / 76 29 92 45;;Banque et Finance;;
https://www.malipages.com/annuaire/banque-et-finance/;SANLAM ASSURANCES MALI;QUARTIER DU FLEUVE - BOULEVARD DU 22 OCTOBRE - RUE 303 - IMMEUBLE SANLAM BAMAKO;Tél. : +223 20 20 57 75/20 22 12 20;;Assurances;;
https://www.malipages.com/annuaire/banque-et-finance/;SCPCE;" BAMAKO";Tél. : +223 20229190;Fax. : +223 20229350;Banque et FinanceBanquesOrganismes financiers;;
https://www.malipages.com/annuaire/banque-et-finance/;SGI MALI – SOCIETE DE GESTION ET D’INTERMEDIATION DU MALI;HAMDALLAYE ACI 2000 - IMMEUBLE DU PATRONAT 3EME ETAGE - BP E 2477 BAMAKO;Tél. : +223 20 29 29 72 /20 29 41 19;Fax. : +223 20 29 29 75;Banque et FinanceEtablissements financiers;;
https://www.malipages.com/annuaire/banque-et-finance/;SONAVIE – SOCIETE NOUVELLE D’ASSURANCE VIE;ACI 2000 - IMMEUBLE SONAVIE BAMAKO;Tél. : +223 20295400;;AssurancesBanque et Finance;;
https://www.malipages.com/annuaire/banque-et-finance/;SUNU ASSURANCES;HAMDALLAYE - IMMEUBLE FILY KEITA BAMAKO;Tél. : +223 20220802;;AssurancesBanque et Finance;;
https://www.malipages.com/annuaire/banque-et-finance/;TELIA EXPRESS MONEY;HAMDALLAYE ACI 2000 - RUE 385 PORTE 231 - BP 2787 BAMAKO;Tél. : +223 74 95 22 04/ 68 87 87 84;;Banque et Finance;;
https://www.malipages.com/annuaire/banque-et-finance/;UBA MALI;HAMDALLAYE ACI 2000 - RUE 360 BAMAKO;Tél. : +223 20292109;;cfc@ubagroup.comBanque et FinanceInstitutions bancaires;;
https://www.malipages.com/annuaire/banque-et-finance/;UTM – UNION TECHINIQUE DE LA MUTUALITE MALIENNE;MEDINA COURA - RUE 32 PORTE 111 BAMAKO;Tél. : +223 20213349;Fax. : +223 20213279;AssurancesBanque et Finance;;
https://www.malipages.com/annuaire/banque-et-finance/;WILLIS TOWERS WATSON;QUARTIER DU FLEUVE - AVENUE MOUSSA TRAVELE - IMMEUBLE SOGEFIH - BP E 5691 BAMAKO;Tél. : +223  20 22 64 75;;Assurances;;
https://www.malipages.com/annuaire/banque-et-finance/;WIZALL MONEY;QUINZAMBOUGOU - RUE ACHKHABAB BAMAKO;Tél. : +223 52 38 38 38;;Banque et Finance;;
https://www.malipages.com/annuaire/banque-et-finance/;UTM – UNION TECHINIQUE DE LA MUTUALITE MALIENNE;MEDINA COURA - RUE 32 PORTE 111 BAMAKO;Tél. : +223 20213349;Fax. : +223 20213279;AssurancesBanque et Finance;;
https://www.malipages.com/annuaire/banque-et-finance/;WILLIS TOWERS WATSON;QUARTIER DU FLEUVE - AVENUE MOUSSA TRAVELE - IMMEUBLE SOGEFIH - BP E 5691 BAMAKO;Tél. : +223  20 22 64 75;;Assurances;;
https://www.malipages.com/annuaire/banque-et-finance/;WIZALL MONEY;QUINZAMBOUGOU - RUE ACHKHABAB BAMAKO;Tél. : +223 52 38 38 38;;Banque et Finance;;
https://www.malipages.com/annuaire/banque-et-finance/;UTM – UNION TECHINIQUE DE LA MUTUALITE MALIENNE;MEDINA COURA - RUE 32 PORTE 111 BAMAKO;Tél. : +223 20213349;Fax. : +223 20213279;AssurancesBanque et Finance;;
https://www.malipages.com/annuaire/banque-et-finance/;WILLIS TOWERS WATSON;QUARTIER DU FLEUVE - AVENUE MOUSSA TRAVELE - IMMEUBLE SOGEFIH - BP E 5691 BAMAKO;Tél. : +223  20 22 64 75;;Assurances;;
https://www.malipages.com/annuaire/banque-et-finance/;WIZALL MONEY;QUINZAMBOUGOU - RUE ACHKHABAB BAMAKO;Tél. : +223 52 38 38 38;;Banque et Finance;;
https://www.malipages.com/annuaire/banque-et-finance/;UTM – UNION TECHINIQUE DE LA MUTUALITE MALIENNE;MEDINA COURA - RUE 32 PORTE 111 BAMAKO;Tél. : +223 20213349;Fax. : +223 20213279;AssurancesBanque et Finance;;
https://www.malipages.com/annuaire/banque-et-finance/;WILLIS TOWERS WATSON;QUARTIER DU FLEUVE - AVENUE MOUSSA TRAVELE - IMMEUBLE SOGEFIH - BP E 5691 BAMAKO;Tél. : +223  20 22 64 75;;Assurances;;
https://www.malipages.com/annuaire/banque-et-finance/;WIZALL MONEY;QUINZAMBOUGOU - RUE ACHKHABAB BAMAKO;Tél. : +223 52 38 38 38;;Banque et Finance;;
https://www.malipages.com/annuaire/banque-et-finance/;UTM – UNION TECHINIQUE DE LA MUTUALITE MALIENNE;MEDINA COURA - RUE 32 PORTE 111 BAMAKO;Tél. : +223 20213349;Fax. : +223 20213279;AssurancesBanque et Finance;;
https://www.malipages.com/annuaire/banque-et-finance/;WILLIS TOWERS WATSON;QUARTIER DU FLEUVE - AVENUE MOUSSA TRAVELE - IMMEUBLE SOGEFIH - BP E 5691 BAMAKO;Tél. : +223  20 22 64 75;;Assurances;;
https://www.malipages.com/annuaire/banque-et-finance/;WIZALL MONEY;QUINZAMBOUGOU - RUE ACHKHABAB BAMAKO;Tél. : +223 52 38 38 38;;Banque et Finance;;
https://www.malipages.com/annuaire/banque-et-finance/;UTM – UNION TECHINIQUE DE LA MUTUALITE MALIENNE;MEDINA COURA - RUE 32 PORTE 111 BAMAKO;Tél. : +223 20213349;Fax. : +223 20213279;AssurancesBanque et Finance;;
https://www.malipages.com/annuaire/banque-et-finance/;WILLIS TOWERS WATSON;QUARTIER DU FLEUVE - AVENUE MOUSSA TRAVELE - IMMEUBLE SOGEFIH - BP E 5691 BAMAKO;Tél. : +223  20 22 64 75;;Assurances;;
https://www.malipages.com/annuaire/banque-et-finance/;WIZALL MONEY;QUINZAMBOUGOU - RUE ACHKHABAB BAMAKO;Tél. : +223 52 38 38 38;;Banque et Finance;;
https://www.malipages.com/annuaire/banque-et-finance/;UTM – UNION TECHINIQUE DE LA MUTUALITE MALIENNE;MEDINA COURA - RUE 32 PORTE 111 BAMAKO;Tél. : +223 20213349;Fax. : +223 20213279;AssurancesBanque et Finance;;
https://www.malipages.com/annuaire/banque-et-finance/;WILLIS TOWERS WATSON;QUARTIER DU FLEUVE - AVENUE MOUSSA TRAVELE - IMMEUBLE SOGEFIH - BP E 5691 BAMAKO;Tél. : +223  20 22 64 75;;Assurances;;
https://www.malipages.com/annuaire/banque-et-finance/;WIZALL MONEY;QUINZAMBOUGOU - RUE ACHKHABAB BAMAKO;Tél. : +223 52 38 38 38;;Banque et Finance;;
https://www.malipages.com/annuaire/banque-et-finance/;UTM – UNION TECHINIQUE DE LA MUTUALITE MALIENNE;MEDINA COURA - RUE 32 PORTE 111 BAMAKO;Tél. : +223 20213349;Fax. : +223 20213279;AssurancesBanque et Finance;;
https://www.malipages.com/annuaire/banque-et-finance/;WILLIS TOWERS WATSON;QUARTIER DU FLEUVE - AVENUE MOUSSA TRAVELE - IMMEUBLE SOGEFIH - BP E 5691 BAMAKO;Tél. : +223  20 22 64 75;;Assurances;;
https://www.malipages.com/annuaire/banque-et-finance/;WIZALL MONEY;QUINZAMBOUGOU - RUE ACHKHABAB BAMAKO;Tél. : +223 52 38 38 38;;Banque et Finance;;
https://www.malipages.com/annuaire/banque-et-finance/;UTM – UNION TECHINIQUE DE LA MUTUALITE MALIENNE;MEDINA COURA - RUE 32 PORTE 111 BAMAKO;Tél. : +223 20213349;Fax. : +223 20213279;AssurancesBanque et Finance;;
https://www.malipages.com/annuaire/banque-et-finance/;WILLIS TOWERS WATSON;QUARTIER DU FLEUVE - AVENUE MOUSSA TRAVELE - IMMEUBLE SOGEFIH - BP E 5691 BAMAKO;Tél. : +223  20 22 64 75;;Assurances;;
https://www.malipages.com/annuaire/banque-et-finance/;WIZALL MONEY;QUINZAMBOUGOU - RUE ACHKHABAB BAMAKO;Tél. : +223 52 38 38 38;;Banque et Finance;;
https://www.malipages.com/annuaire/banque-et-finance/;UTM – UNION TECHINIQUE DE LA MUTUALITE MALIENNE;MEDINA COURA - RUE 32 PORTE 111 BAMAKO;Tél. : +223 20213349;Fax. : +223 20213279;AssurancesBanque et Finance;;
https://www.malipages.com/annuaire/banque-et-finance/;WILLIS TOWERS WATSON;QUARTIER DU FLEUVE - AVENUE MOUSSA TRAVELE - IMMEUBLE SOGEFIH - BP E 5691 BAMAKO;Tél. : +223  20 22 64 75;;Assurances;;
https://www.malipages.com/annuaire/banque-et-finance/;WIZALL MONEY;QUINZAMBOUGOU - RUE ACHKHABAB BAMAKO;Tél. : +223 52 38 38 38;;Banque et Finance;;
